고객ID,상담자ID,상담자명,등록일,딜러명,연락처,성별,생년월일,연령대,거주지역,관심차종,방문목적,월주행거리_km,주요용도,예상예산_만원,선호색상,동승인원구성,중요요소1,중요요소2,중요요소3,최근보유차종,기타요청사항
CUST1000,CS1001,서정남,2025-03-10,홍길동,010-5655-8260,남,1978-11-14,40대,경기,투싼,구매상담,1000,출퇴근,5000,블루,친구와함께,디자인,내부공간,연비,아이오닉6,반려견과 함께 탈 수 있는 공간이 있는 차량을 원합니다.
CUST1001,CS1001,서정남,2024-11-05,홍길동,010-3071-3150,남,1985-09-19,30대,세종,GV70,시승,2500,장거리 출장,5000,블루,친구와함께,내부공간,가성비,안전성,GV70,장거리 운전에 적합한 모델을 추천받고 싶어요.
CUST1002,CS1000,김수민,2025-03-10,홍길동,010-9630-3795,남,1998-01-03,20대,전남,아반떼,견적문의,1000,장거리 출장,3500,화이트,혼자,내부공간,디자인,AS,쏘렌토,차선 유지 보조 기능이 포함된 모델을 추천해주세요.
CUST1003,CS1009,홍예준,2024-10-31,홍길동,010-1468-1575,여,1980-06-11,40대,부산,스타리아,시승,2000,출퇴근,4500,실버,친구와함께,AS,가성비,디자인,그랜저,출퇴근용으로 연비가 좋은 차를 찾고 있어요.
CUST1004,CS1003,김영일,2025-02-27,홍길동,010-6846-6328,여,2003-05-26,20대,대구,투싼,시승,2000,아이 등하교,4000,블루,아이동반,승차감,AS,정숙성,캐스퍼,차선 유지 보조 기능이 포함된 모델을 추천해주세요.
CUST1005,CS1004,김재호,2024-11-12,홍길동,010-8801-8654,남,1961-11-15,60대,대전,GV70,구매상담,1000,여행,4000,실버,친구와함께,가성비,AS,연비,스타리아,중고차 보상 혜택이 있으면 알려주세요.
CUST1006,CS1000,김수민,2024-10-18,홍길동,010-9856-5463,여,1983-01-21,40대,전북,코나,시승,1000,레저,5000,실버,배우자,안전성,내부공간,재판매가,코나,차선 유지 보조 기능이 포함된 모델을 추천해주세요.
CUST1007,CS1004,김재호,2024-12-16,홍길동,010-9987-8288,남,1955-09-10,60대,세종,GV70,견적문의,3000,레저,4000,레드,부모님동반,AS,가성비,승차감,0,장거리 운전에 적합한 모델을 추천받고 싶어요.
CUST1008,CS1001,서정남,2025-01-07,홍길동,010-3213-9835,남,1960-09-05,60대,인천,싼타페,구매상담,3000,여행,4500,화이트,부모님동반,내부공간,안전성,브랜드,아이오닉6,차박이 가능한 SUV 모델을 찾고 있어요.
CUST1009,CS1001,서정남,2025-02-08,홍길동,010-3900-8480,여,1990-10-03,30대,충북,그랜저,견적문의,2000,장거리 출장,4000,화이트,아이동반,정숙성,승차감,디자인,GV80,장거리 운전에 적합한 모델을 추천받고 싶어요.
CUST1010,CS1008,이미숙,2025-01-17,홍길동,010-8126-9576,남,1958-04-02,60대,광주,아반떼,구매상담,2500,레저,2500,레드,아이동반,안전성,연비,디자인,쏘렌토,하이브리드 모델도 비교해보고 싶어요.
CUST1011,CS1004,김재호,2025-02-23,홍길동,010-9745-6073,남,1958-05-30,60대,부산,투싼,시승,500,여행,2500,네이비,친구와함께,승차감,재판매가,안전성,아반떼,반려견과 함께 탈 수 있는 공간이 있는 차량을 원합니다.
CUST1012,CS1004,김재호,2025-01-28,홍길동,010-6688-8891,여,1996-05-29,20대,울산,GV70,구매상담,3000,아이 등하교,4000,블루,아이동반,안전성,정숙성,재판매가,투싼,소음이 적고 승차감이 좋은 차량을 원합니다.
CUST1013,CS1003,김영일,2025-02-21,홍길동,010-9841-4721,남,1985-06-12,30대,대구,아반떼,시승,2500,레저,3000,레드,배우자,연비,디자인,재판매가,스타리아,차량 색상은 흰색이나 회색 계열로 선호합니다.
CUST1014,CS1001,서정남,2025-02-18,홍길동,010-2467-8239,남,1962-02-11,60대,충북,그랜저,구매상담,1500,여행,3000,레드,배우자,재판매가,안전성,가성비,0,장거리 운전에 적합한 모델을 추천받고 싶어요.
CUST1015,CS1006,김지원,2025-02-15,홍길동,010-6044-6992,남,1957-04-05,60대,인천,그랜저,계약,1500,여행,4000,그레이,혼자,디자인,연비,내부공간,K5,아이와 함께 탈 수 있도록 안전 기능이 중요해요.
CUST1016,CS1001,서정남,2024-12-29,홍길동,010-7753-5256,남,1979-05-21,40대,울산,투싼,계약,1000,여행,3000,실버,부모님동반,가성비,디자인,안전성,투싼,최근 전기차에 관심이 많아요.
CUST1017,CS1000,김수민,2024-12-12,홍길동,010-3551-5973,남,1966-06-20,50대,대구,투싼,구매상담,2000,여행,4000,블랙,부모님동반,연비,승차감,내부공간,아이오닉6,아이와 함께 탈 수 있도록 안전 기능이 중요해요.
CUST1018,CS1006,김지원,2024-10-12,홍길동,010-1172-1001,여,1999-03-06,20대,경북,코나,계약,3000,레저,5000,블루,부모님동반,승차감,가성비,브랜드,캐스퍼,통풍시트와 열선시트 꼭 필요해요.
CUST1019,CS1000,김수민,2025-02-13,홍길동,010-9574-3233,남,1961-08-21,60대,충북,아이오닉6,시승,2500,여행,4500,네이비,친구와함께,승차감,연비,디자인,아반떼,차박이 가능한 SUV 모델을 찾고 있어요.
CUST1020,CS1001,서정남,2025-04-02,홍길동,010-6634-5698,남,1999-05-28,20대,세종,캐스퍼,시승,2500,장거리 출장,4500,레드,혼자,재판매가,디자인,내부공간,K5,차선 유지 보조 기능이 포함된 모델을 추천해주세요.
CUST1021,CS1004,김재호,2024-10-29,홍길동,010-8687-9767,남,1954-04-16,70대,충북,투싼,견적문의,2000,장거리 출장,5000,블루,아이동반,안전성,AS,디자인,아이오닉6,출퇴근용으로 연비가 좋은 차를 찾고 있어요.
CUST1022,CS1007,이민지,2025-01-04,홍길동,010-1136-9059,남,2000-01-17,20대,대구,GV70,구매상담,2500,아이 등하교,3000,실버,혼자,가성비,AS,브랜드,아반떼,차박이 가능한 SUV 모델을 찾고 있어요.
CUST1023,CS1007,이민지,2024-12-24,홍길동,010-8816-5908,여,1961-07-07,60대,제주,아이오닉6,견적문의,3000,출퇴근,3000,실버,혼자,디자인,정숙성,승차감,GV70,운전이 처음이라 주행 보조 기능이 있으면 좋아요.
CUST1024,CS1004,김재호,2025-01-16,홍길동,010-1149-8052,남,1965-02-02,50대,충북,투싼,견적문의,2500,여행,3500,네이비,혼자,디자인,내부공간,브랜드,그랜저,출퇴근용으로 연비가 좋은 차를 찾고 있어요.
CUST1025,CS1000,김수민,2024-11-19,홍길동,010-5799-4788,여,2002-05-02,20대,광주,코나,구매상담,3000,여행,4500,블루,부모님동반,정숙성,연비,디자인,싼타페,차선 유지 보조 기능이 포함된 모델을 추천해주세요.
CUST1026,CS1002,김영자,2025-03-29,홍길동,010-1118-9981,남,1980-10-19,40대,충남,GV80,구매상담,2000,장거리 출장,2500,실버,아이동반,연비,AS,가성비,스타리아,중고차 보상 혜택이 있으면 알려주세요.
CUST1027,CS1001,서정남,2025-03-08,홍길동,010-7121-4089,여,1992-09-01,30대,전남,GV80,구매상담,1000,장거리 출장,3000,그레이,혼자,승차감,AS,내부공간,스타리아,통풍시트와 열선시트 꼭 필요해요.
CUST1028,CS1004,김재호,2024-12-07,홍길동,010-7745-8161,남,1955-07-31,60대,인천,캐스퍼,시승,2000,장거리 출장,3000,네이비,부모님동반,AS,브랜드,가성비,스타리아,중고차 보상 혜택이 있으면 알려주세요.
CUST1029,CS1000,김수민,2024-11-20,홍길동,010-7467-5094,남,1995-06-29,20대,전북,아반떼,견적문의,500,아이 등하교,3500,블루,친구와함께,내부공간,정숙성,AS,아이오닉6,카시트 장착이 편리한 차량이면 좋겠습니다.
CUST1030,CS1001,서정남,2025-04-05,홍길동,010-3675-7385,여,1957-01-20,60대,대전,GV80,견적문의,500,출퇴근,4500,그레이,아이동반,AS,내부공간,디자인,모닝,카시트 장착이 편리한 차량이면 좋겠습니다.
CUST1031,CS1009,홍예준,2024-12-14,홍길동,010-7199-4614,남,1987-03-01,30대,경기,아이오닉6,계약,500,레저,4500,블루,배우자,AS,내부공간,디자인,K5,차량 색상은 흰색이나 회색 계열로 선호합니다.
CUST1032,CS1009,홍예준,2025-01-31,홍길동,010-5308-2297,여,1971-11-04,50대,인천,코나,견적문의,3000,여행,3500,그레이,아이동반,정숙성,승차감,가성비,티볼리,운전이 처음이라 주행 보조 기능이 있으면 좋아요.
CUST1033,CS1006,김지원,2025-01-20,홍길동,010-7917-4924,남,1981-10-12,40대,강원,캐스퍼,시승,1500,아이 등하교,3000,그레이,친구와함께,재판매가,AS,안전성,XM3,소음이 적고 승차감이 좋은 차량을 원합니다.
CUST1034,CS1007,이민지,2025-02-18,홍길동,010-9464-5454,남,2001-03-24,20대,제주,스타리아,구매상담,3000,출퇴근,3500,레드,친구와함께,AS,디자인,가성비,GV80,최근 전기차에 관심이 많아요.
CUST1035,CS1003,김영일,2024-10-24,홍길동,010-5664-9715,남,1972-12-05,50대,광주,아이오닉6,시승,1000,여행,4500,네이비,혼자,안전성,내부공간,가성비,모닝,출퇴근용으로 연비가 좋은 차를 찾고 있어요.
CUST1036,CS1007,이민지,2025-01-08,홍길동,010-5404-7765,여,1971-06-11,50대,세종,싼타페,시승,500,여행,3000,블랙,친구와함께,안전성,연비,가성비,투싼,최근 전기차에 관심이 많아요.
CUST1037,CS1007,이민지,2024-11-22,홍길동,010-4080-2121,남,1984-05-21,40대,경북,GV70,견적문의,2000,레저,5000,레드,부모님동반,정숙성,안전성,승차감,0,아이와 함께 탈 수 있도록 안전 기능이 중요해요.
CUST1038,CS1007,이민지,2024-11-14,홍길동,010-3988-3238,여,1954-06-11,70대,세종,코나,계약,3000,장거리 출장,3500,그레이,혼자,브랜드,가성비,재판매가,K5,통풍시트와 열선시트 꼭 필요해요.
CUST1039,CS1005,김은서,2025-04-02,홍길동,010-5744-2808,남,1972-05-03,50대,광주,싼타페,구매상담,2000,장거리 출장,5000,블랙,혼자,내부공간,재판매가,AS,XM3,차박이 가능한 SUV 모델을 찾고 있어요.
CUST1040,CS1006,김지원,2024-10-29,홍길동,010-8460-8418,남,1994-12-16,30대,울산,캐스퍼,계약,2500,출퇴근,4500,그레이,부모님동반,연비,AS,브랜드,모닝,운전이 처음이라 주행 보조 기능이 있으면 좋아요.
CUST1041,CS1006,김지원,2025-02-12,홍길동,010-5458-9060,남,1989-07-29,30대,경남,투싼,견적문의,2000,여행,2500,그레이,아이동반,내부공간,승차감,안전성,코나,소음이 적고 승차감이 좋은 차량을 원합니다.
CUST1042,CS1009,홍예준,2025-03-20,홍길동,010-4076-6253,남,1975-08-31,40대,전북,GV80,시승,500,여행,3000,네이비,부모님동반,승차감,연비,브랜드,모닝,중고차 보상 혜택이 있으면 알려주세요.
CUST1043,CS1005,김은서,2024-12-24,홍길동,010-1317-3492,남,1972-06-07,50대,경북,아반떼,견적문의,2000,아이 등하교,4000,실버,혼자,안전성,연비,정숙성,쏘렌토,아이와 함께 탈 수 있도록 안전 기능이 중요해요.
CUST1044,CS1003,김영일,2024-12-23,홍길동,010-1813-9764,남,1982-07-15,40대,부산,아이오닉6,구매상담,1000,출퇴근,4500,블랙,배우자,승차감,안전성,디자인,캐스퍼,카시트 장착이 편리한 차량이면 좋겠습니다.
CUST1045,CS1007,이민지,2025-03-07,홍길동,010-1362-4046,여,1999-03-03,20대,충남,싼타페,시승,1000,아이 등하교,2500,레드,혼자,브랜드,내부공간,정숙성,캐스퍼,하이브리드 모델도 비교해보고 싶어요.
CUST1046,CS1001,서정남,2024-11-20,홍길동,010-2675-5622,남,1987-12-20,30대,인천,코나,시승,2500,출퇴근,3500,레드,부모님동반,AS,디자인,재판매가,아이오닉6,주차가 쉬운 컴팩트한 차량을 원합니다.
CUST1047,CS1006,김지원,2024-10-24,홍길동,010-5410-3048,여,1977-04-19,40대,인천,캐스퍼,견적문의,3000,여행,5000,블랙,부모님동반,승차감,정숙성,브랜드,0,장거리 운전에 적합한 모델을 추천받고 싶어요.
CUST1048,CS1007,이민지,2024-10-18,홍길동,010-8183-1134,여,1965-08-01,50대,경기,아반떼,구매상담,500,아이 등하교,4000,블랙,부모님동반,재판매가,내부공간,AS,아이오닉6,중고차 보상 혜택이 있으면 알려주세요.
CUST1049,CS1007,이민지,2025-01-22,홍길동,010-4814-2477,여,1988-02-16,30대,대전,스타리아,구매상담,1500,아이 등하교,3500,실버,친구와함께,브랜드,정숙성,연비,캐스퍼,중고차 보상 혜택이 있으면 알려주세요.
CUST1050,CS1001,서정남,2024-12-11,홍길동,010-3468-1241,남,1961-07-08,60대,전남,스타리아,구매상담,3000,여행,5000,블루,부모님동반,안전성,연비,디자인,GV80,출퇴근용으로 연비가 좋은 차를 찾고 있어요.
CUST1051,CS1003,김영일,2024-10-06,홍길동,010-9086-4558,여,1969-03-01,50대,세종,코나,견적문의,2000,레저,4500,실버,부모님동반,정숙성,AS,재판매가,XM3,하이브리드 모델도 비교해보고 싶어요.
CUST1052,CS1004,김재호,2025-03-29,홍길동,010-6601-7885,여,1974-05-06,50대,경기,투싼,시승,3000,장거리 출장,3500,화이트,친구와함께,승차감,가성비,정숙성,0,반려견과 함께 탈 수 있는 공간이 있는 차량을 원합니다.
CUST1053,CS1004,김재호,2024-11-23,홍길동,010-6104-9165,여,2000-04-14,20대,인천,투싼,견적문의,1000,아이 등하교,3000,실버,혼자,정숙성,승차감,브랜드,그랜저,최근 전기차에 관심이 많아요.
CUST1054,CS1000,김수민,2025-02-12,홍길동,010-7084-8597,여,1976-07-31,40대,광주,스타리아,시승,500,레저,3500,그레이,부모님동반,안전성,AS,승차감,그랜저,주차가 쉬운 컴팩트한 차량을 원합니다.
CUST1055,CS1004,김재호,2025-03-26,홍길동,010-1519-6410,여,1998-10-30,20대,인천,그랜저,계약,2000,출퇴근,4500,블루,혼자,승차감,재판매가,브랜드,싼타페,운전이 처음이라 주행 보조 기능이 있으면 좋아요.
CUST1056,CS1003,김영일,2024-11-16,홍길동,010-2314-3393,남,1973-01-13,50대,전남,GV80,구매상담,2500,여행,4000,그레이,아이동반,재판매가,내부공간,브랜드,그랜저,차박이 가능한 SUV 모델을 찾고 있어요.
CUST1057,CS1009,홍예준,2024-10-09,홍길동,010-1918-5366,남,1994-03-01,30대,울산,투싼,견적문의,3000,출퇴근,3000,블랙,배우자,정숙성,디자인,승차감,아이오닉6,하이브리드 모델도 비교해보고 싶어요.
CUST1058,CS1006,김지원,2024-11-02,홍길동,010-7429-2169,여,1994-05-02,30대,경남,코나,시승,1000,아이 등하교,5000,실버,부모님동반,디자인,가성비,브랜드,캐스퍼,하이브리드 모델도 비교해보고 싶어요.
CUST1059,CS1006,김지원,2025-01-28,홍길동,010-9899-8702,남,1998-01-15,20대,세종,싼타페,견적문의,1000,출퇴근,2500,블랙,아이동반,재판매가,브랜드,안전성,투싼,출퇴근용으로 연비가 좋은 차를 찾고 있어요.
CUST1060,CS1007,이민지,2025-03-30,홍길동,010-3975-4148,여,1997-05-05,20대,전북,코나,계약,2000,출퇴근,4500,화이트,부모님동반,AS,브랜드,연비,싼타페,장거리 운전에 적합한 모델을 추천받고 싶어요.
CUST1061,CS1003,김영일,2025-03-03,홍길동,010-5097-7251,남,1982-07-27,40대,경기,GV80,시승,1000,여행,4500,블루,부모님동반,브랜드,승차감,내부공간,0,운전이 처음이라 주행 보조 기능이 있으면 좋아요.
CUST1062,CS1001,서정남,2025-01-05,홍길동,010-1206-2998,여,1994-03-03,30대,충남,캐스퍼,견적문의,1500,출퇴근,3000,실버,부모님동반,안전성,브랜드,내부공간,그랜저,출퇴근용으로 연비가 좋은 차를 찾고 있어요.
CUST1063,CS1007,이민지,2024-10-25,홍길동,010-5078-7304,남,1962-01-29,60대,충북,코나,견적문의,500,여행,4500,네이비,혼자,정숙성,안전성,내부공간,그랜저,출퇴근용으로 연비가 좋은 차를 찾고 있어요.
CUST1064,CS1003,김영일,2024-10-10,홍길동,010-8257-5049,여,1954-09-04,70대,경남,스타리아,시승,1000,아이 등하교,4500,블랙,아이동반,안전성,재판매가,디자인,아이오닉6,운전이 처음이라 주행 보조 기능이 있으면 좋아요.
CUST1065,CS1009,홍예준,2025-02-26,홍길동,010-1549-4263,남,1992-11-19,30대,대전,코나,시승,2500,여행,2500,블랙,혼자,안전성,디자인,승차감,0,출퇴근용으로 연비가 좋은 차를 찾고 있어요.
CUST1066,CS1004,김재호,2025-02-28,홍길동,010-8550-2539,여,1957-05-08,60대,전남,스타리아,계약,1000,여행,4500,블랙,부모님동반,가성비,정숙성,승차감,싼타페,소음이 적고 승차감이 좋은 차량을 원합니다.
CUST1067,CS1004,김재호,2024-12-07,홍길동,010-9538-4415,여,1992-04-13,30대,충북,GV70,견적문의,500,아이 등하교,5000,실버,친구와함께,재판매가,안전성,승차감,XM3,최근 전기차에 관심이 많아요.
CUST1068,CS1008,이미숙,2025-02-19,홍길동,010-8746-7375,여,2001-03-10,20대,충남,아반떼,계약,2000,아이 등하교,3000,블루,배우자,재판매가,내부공간,가성비,티볼리,출퇴근용으로 연비가 좋은 차를 찾고 있어요.
CUST1069,CS1000,김수민,2024-12-08,홍길동,010-6113-6293,여,2003-10-05,20대,경남,캐스퍼,계약,3000,장거리 출장,4000,화이트,배우자,정숙성,AS,디자인,XM3,출퇴근용으로 연비가 좋은 차를 찾고 있어요.
CUST1070,CS1001,서정남,2024-11-08,홍길동,010-3598-1691,여,1976-04-03,40대,서울,싼타페,계약,3000,장거리 출장,2500,그레이,아이동반,AS,내부공간,디자인,K5,출퇴근용으로 연비가 좋은 차를 찾고 있어요.
CUST1071,CS1008,이미숙,2024-11-29,홍길동,010-9534-3001,여,2004-07-17,20대,충북,스타리아,시승,2500,출퇴근,3000,블루,아이동반,가성비,디자인,내부공간,투싼,소음이 적고 승차감이 좋은 차량을 원합니다.
CUST1072,CS1001,서정남,2024-11-03,홍길동,010-5150-8884,여,2002-06-01,20대,대전,코나,시승,500,아이 등하교,2500,실버,아이동반,AS,내부공간,승차감,스타리아,출퇴근용으로 연비가 좋은 차를 찾고 있어요.
CUST1073,CS1008,이미숙,2025-02-04,홍길동,010-5895-4255,여,1964-06-29,60대,대전,싼타페,구매상담,500,레저,4000,레드,배우자,안전성,승차감,가성비,XM3,소음이 적고 승차감이 좋은 차량을 원합니다.
CUST1074,CS1004,김재호,2024-10-21,홍길동,010-6905-1853,여,1955-07-03,60대,경기,아이오닉6,계약,1500,레저,3000,화이트,부모님동반,AS,브랜드,내부공간,GV70,반려견과 함께 탈 수 있는 공간이 있는 차량을 원합니다.
CUST1075,CS1007,이민지,2025-03-07,홍길동,010-4568-2850,여,1965-04-20,50대,울산,캐스퍼,계약,500,장거리 출장,4000,레드,아이동반,재판매가,브랜드,정숙성,아이오닉6,중고차 보상 혜택이 있으면 알려주세요.
CUST1076,CS1006,김지원,2025-02-13,홍길동,010-4866-8113,여,1986-03-06,30대,서울,GV80,시승,2500,여행,3500,네이비,배우자,재판매가,AS,가성비,캐스퍼,주차가 쉬운 컴팩트한 차량을 원합니다.
CUST1077,CS1009,홍예준,2025-01-15,홍길동,010-6316-1246,여,1991-12-31,30대,광주,그랜저,시승,1500,여행,2500,레드,아이동반,승차감,디자인,브랜드,K5,차선 유지 보조 기능이 포함된 모델을 추천해주세요.
CUST1078,CS1006,김지원,2024-12-31,홍길동,010-3742-5523,남,1957-11-19,60대,울산,싼타페,견적문의,2500,레저,3500,네이비,배우자,브랜드,안전성,재판매가,K5,아이와 함께 탈 수 있도록 안전 기능이 중요해요.
CUST1079,CS1001,서정남,2025-03-07,홍길동,010-2960-7484,여,1959-08-27,60대,대구,싼타페,구매상담,3000,여행,4500,실버,혼자,내부공간,연비,브랜드,투싼,아이와 함께 탈 수 있도록 안전 기능이 중요해요.
CUST1080,CS1007,이민지,2025-01-15,홍길동,010-4982-1146,여,1985-05-14,30대,경기,GV80,계약,3000,아이 등하교,2500,블루,배우자,안전성,연비,AS,스타리아,하이브리드 모델도 비교해보고 싶어요.
CUST1081,CS1001,서정남,2024-11-20,홍길동,010-1688-8786,여,1967-01-03,50대,강원,캐스퍼,시승,1000,출퇴근,2500,실버,부모님동반,디자인,재판매가,가성비,코나,아이와 함께 탈 수 있도록 안전 기능이 중요해요.
CUST1082,CS1006,김지원,2025-01-11,홍길동,010-3539-7084,여,1958-11-10,60대,충남,GV70,계약,2500,장거리 출장,4000,블루,혼자,안전성,내부공간,브랜드,그랜저,차박이 가능한 SUV 모델을 찾고 있어요.
CUST1083,CS1005,김은서,2025-02-06,홍길동,010-2466-5075,남,1974-03-25,50대,경북,스타리아,구매상담,1500,출퇴근,5000,실버,친구와함께,AS,연비,내부공간,GV70,차박이 가능한 SUV 모델을 찾고 있어요.
CUST1084,CS1003,김영일,2025-01-18,홍길동,010-3583-9190,남,1979-04-22,40대,경북,그랜저,구매상담,3000,레저,2500,화이트,아이동반,가성비,승차감,재판매가,싼타페,장거리 운전에 적합한 모델을 추천받고 싶어요.
CUST1085,CS1008,이미숙,2025-03-09,홍길동,010-2497-6544,남,1961-03-30,60대,울산,투싼,견적문의,1000,레저,2500,실버,배우자,승차감,정숙성,브랜드,아반떼,반려견과 함께 탈 수 있는 공간이 있는 차량을 원합니다.
CUST1086,CS1001,서정남,2024-12-30,홍길동,010-1983-1979,남,1978-12-26,40대,광주,아이오닉6,견적문의,1000,레저,3500,화이트,배우자,브랜드,연비,승차감,티볼리,차량 색상은 흰색이나 회색 계열로 선호합니다.
CUST1087,CS1008,이미숙,2024-12-18,홍길동,010-6824-3521,남,1993-04-25,30대,대구,스타리아,계약,1500,레저,4500,화이트,부모님동반,정숙성,가성비,연비,GV80,차선 유지 보조 기능이 포함된 모델을 추천해주세요.
CUST1088,CS1007,이민지,2025-01-09,홍길동,010-9787-2759,남,1967-11-19,50대,부산,스타리아,계약,2000,출퇴근,4000,블루,부모님동반,디자인,재판매가,AS,코나,소음이 적고 승차감이 좋은 차량을 원합니다.
CUST1089,CS1001,서정남,2025-03-18,홍길동,010-3061-8992,남,2002-09-13,20대,경기,GV80,견적문의,2000,레저,4500,실버,부모님동반,정숙성,내부공간,디자인,투싼,카시트 장착이 편리한 차량이면 좋겠습니다.
CUST1090,CS1008,이미숙,2024-10-10,홍길동,010-4812-6189,남,1975-04-23,40대,전남,스타리아,구매상담,2000,아이 등하교,4000,그레이,부모님동반,디자인,AS,내부공간,K5,차량 색상은 흰색이나 회색 계열로 선호합니다.
CUST1091,CS1004,김재호,2024-12-31,홍길동,010-6690-8187,여,1983-09-13,40대,광주,스타리아,시승,500,출퇴근,2500,그레이,혼자,AS,승차감,연비,K5,소음이 적고 승차감이 좋은 차량을 원합니다.
CUST1092,CS1001,서정남,2025-03-27,홍길동,010-4161-1349,여,1990-07-25,30대,충남,캐스퍼,시승,1500,레저,3500,실버,혼자,재판매가,정숙성,가성비,코나,장거리 운전에 적합한 모델을 추천받고 싶어요.
CUST1093,CS1007,이민지,2025-02-21,홍길동,010-7189-6868,남,1998-07-27,20대,인천,아반떼,견적문의,500,아이 등하교,4500,블랙,부모님동반,정숙성,재판매가,연비,GV70,중고차 보상 혜택이 있으면 알려주세요.
CUST1094,CS1000,김수민,2024-12-02,홍길동,010-3207-5107,남,1982-07-18,40대,경기,코나,견적문의,1500,출퇴근,3000,네이비,배우자,재판매가,내부공간,디자인,코나,반려견과 함께 탈 수 있는 공간이 있는 차량을 원합니다.
CUST1095,CS1000,김수민,2025-01-12,홍길동,010-1646-8951,남,1960-11-06,60대,제주,투싼,계약,2000,여행,3500,블랙,아이동반,브랜드,AS,디자인,그랜저,중고차 보상 혜택이 있으면 알려주세요.
CUST1096,CS1002,김영자,2024-11-05,홍길동,010-8168-5828,남,1975-04-04,40대,부산,그랜저,견적문의,2000,여행,4000,레드,부모님동반,내부공간,브랜드,가성비,투싼,장거리 운전에 적합한 모델을 추천받고 싶어요.
CUST1097,CS1005,김은서,2025-02-09,홍길동,010-9892-9029,여,1981-09-13,40대,인천,코나,계약,2500,아이 등하교,2500,블랙,부모님동반,재판매가,연비,정숙성,캐스퍼,하이브리드 모델도 비교해보고 싶어요.
CUST1098,CS1004,김재호,2025-03-14,홍길동,010-4109-4057,남,1992-03-21,30대,광주,코나,견적문의,1500,출퇴근,2500,그레이,부모님동반,승차감,재판매가,내부공간,스타리아,하이브리드 모델도 비교해보고 싶어요.
CUST1099,CS1008,이미숙,2025-01-01,홍길동,010-9906-6696,여,1996-03-19,20대,대구,캐스퍼,시승,2000,출퇴근,4000,화이트,아이동반,재판매가,내부공간,정숙성,티볼리,하이브리드 모델도 비교해보고 싶어요.
CUST1100,CS1004,김재호,2024-12-08,홍길동,010-6303-8674,남,1993-07-27,30대,전북,아이오닉6,견적문의,1000,레저,4000,네이비,아이동반,디자인,내부공간,재판매가,스타리아,반려견과 함께 탈 수 있는 공간이 있는 차량을 원합니다.
CUST1101,CS1006,김지원,2025-02-14,홍길동,010-5510-3627,여,1982-05-13,40대,제주,그랜저,계약,1500,아이 등하교,3000,실버,배우자,디자인,정숙성,재판매가,캐스퍼,소음이 적고 승차감이 좋은 차량을 원합니다.
CUST1102,CS1005,김은서,2024-10-31,홍길동,010-2128-9702,여,1977-07-22,40대,광주,투싼,시승,1000,아이 등하교,3000,블랙,친구와함께,승차감,디자인,재판매가,0,최근 전기차에 관심이 많아요.
CUST1103,CS1007,이민지,2024-12-01,홍길동,010-3539-8362,여,1973-11-05,50대,충북,아반떼,구매상담,2000,출퇴근,4000,그레이,아이동반,브랜드,연비,AS,싼타페,장거리 운전에 적합한 모델을 추천받고 싶어요.
CUST1104,CS1004,김재호,2024-11-02,홍길동,010-5844-5314,여,1990-11-29,30대,경북,아이오닉6,시승,1500,아이 등하교,2500,블루,혼자,재판매가,정숙성,내부공간,XM3,주차가 쉬운 컴팩트한 차량을 원합니다.
CUST1105,CS1009,홍예준,2025-01-16,홍길동,010-9873-7014,남,1954-08-12,70대,경북,GV80,구매상담,1500,레저,4000,레드,배우자,연비,안전성,디자인,K5,차선 유지 보조 기능이 포함된 모델을 추천해주세요.
CUST1106,CS1001,서정남,2025-03-03,홍길동,010-8439-1011,남,1981-04-11,40대,부산,투싼,계약,2000,레저,4500,레드,배우자,AS,재판매가,브랜드,모닝,하이브리드 모델도 비교해보고 싶어요.
CUST1107,CS1006,김지원,2025-01-01,홍길동,010-9289-7210,여,1976-10-06,40대,부산,아반떼,시승,1500,출퇴근,4500,블루,부모님동반,브랜드,재판매가,승차감,K5,카시트 장착이 편리한 차량이면 좋겠습니다.
CUST1108,CS1001,서정남,2025-02-12,홍길동,010-4039-1306,남,1999-10-21,20대,충남,코나,계약,1000,레저,5000,화이트,아이동반,정숙성,내부공간,AS,코나,최근 전기차에 관심이 많아요.
CUST1109,CS1008,이미숙,2024-11-19,홍길동,010-6965-4912,남,2001-05-27,20대,전남,GV70,견적문의,500,아이 등하교,3500,블랙,배우자,AS,안전성,가성비,스타리아,통풍시트와 열선시트 꼭 필요해요.
CUST1110,CS1002,김영자,2024-12-04,홍길동,010-6254-2037,남,1964-09-07,60대,대구,코나,시승,2500,레저,5000,레드,혼자,AS,승차감,내부공간,코나,출퇴근용으로 연비가 좋은 차를 찾고 있어요.
CUST1111,CS1002,김영자,2025-02-28,홍길동,010-9830-7348,남,1958-06-19,60대,대전,스타리아,시승,2000,아이 등하교,5000,블루,배우자,안전성,브랜드,재판매가,스타리아,차선 유지 보조 기능이 포함된 모델을 추천해주세요.
CUST1112,CS1008,이미숙,2024-12-30,홍길동,010-4110-9586,남,1985-09-22,30대,강원,스타리아,구매상담,1500,레저,4000,그레이,아이동반,내부공간,정숙성,재판매가,아반떼,반려견과 함께 탈 수 있는 공간이 있는 차량을 원합니다.
CUST1113,CS1003,김영일,2024-10-17,홍길동,010-9151-3525,남,1997-12-01,20대,경기,아이오닉6,계약,1500,레저,2500,블루,친구와함께,디자인,브랜드,재판매가,아반떼,주차가 쉬운 컴팩트한 차량을 원합니다.
CUST1114,CS1004,김재호,2025-03-21,홍길동,010-5638-6285,여,1974-07-25,50대,제주,싼타페,계약,500,장거리 출장,4000,실버,혼자,내부공간,연비,재판매가,쏘렌토,차량 색상은 흰색이나 회색 계열로 선호합니다.
CUST1115,CS1003,김영일,2024-10-26,홍길동,010-7714-6276,여,1994-09-05,30대,대구,아반떼,구매상담,500,아이 등하교,2500,네이비,아이동반,승차감,재판매가,연비,GV80,카시트 장착이 편리한 차량이면 좋겠습니다.
CUST1116,CS1007,이민지,2024-12-29,홍길동,010-2809-2577,남,1993-07-23,30대,경남,스타리아,시승,500,출퇴근,3500,블랙,배우자,정숙성,재판매가,내부공간,투싼,차선 유지 보조 기능이 포함된 모델을 추천해주세요.
CUST1117,CS1004,김재호,2025-02-24,홍길동,010-9572-2092,남,1975-12-14,40대,강원,그랜저,시승,1000,여행,5000,네이비,친구와함께,안전성,디자인,정숙성,0,통풍시트와 열선시트 꼭 필요해요.
CUST1118,CS1009,홍예준,2024-10-16,홍길동,010-1717-3126,남,1976-09-25,40대,제주,GV80,구매상담,3000,장거리 출장,3500,그레이,혼자,재판매가,AS,가성비,티볼리,장거리 운전에 적합한 모델을 추천받고 싶어요.
CUST1119,CS1002,김영자,2024-11-26,홍길동,010-3926-1512,남,1986-11-19,30대,제주,아반떼,시승,2500,레저,4500,네이비,친구와함께,정숙성,연비,내부공간,0,카시트 장착이 편리한 차량이면 좋겠습니다.
CUST1120,CS1000,김수민,2024-10-27,홍길동,010-4310-2753,여,1973-07-10,50대,충남,코나,시승,1500,출퇴근,3500,블랙,혼자,재판매가,AS,승차감,그랜저,차량 색상은 흰색이나 회색 계열로 선호합니다.
CUST1121,CS1005,김은서,2025-03-01,홍길동,010-8952-4139,여,1955-05-14,60대,대전,스타리아,계약,3000,장거리 출장,3000,화이트,부모님동반,연비,브랜드,가성비,그랜저,카시트 장착이 편리한 차량이면 좋겠습니다.
CUST1122,CS1003,김영일,2024-11-21,홍길동,010-2617-1521,남,1965-10-12,50대,충북,코나,계약,2500,여행,3500,화이트,배우자,브랜드,AS,연비,K5,중고차 보상 혜택이 있으면 알려주세요.
CUST1123,CS1004,김재호,2024-10-11,홍길동,010-7366-9026,남,1954-11-19,70대,충남,캐스퍼,계약,3000,여행,4000,실버,배우자,안전성,재판매가,AS,GV70,통풍시트와 열선시트 꼭 필요해요.
CUST1124,CS1001,서정남,2025-01-07,홍길동,010-9615-5193,여,1955-06-06,60대,대구,캐스퍼,구매상담,2500,아이 등하교,3500,화이트,혼자,AS,브랜드,정숙성,XM3,소음이 적고 승차감이 좋은 차량을 원합니다.
CUST1125,CS1009,홍예준,2025-03-12,홍길동,010-1804-7002,여,1974-09-03,50대,대전,스타리아,견적문의,2000,출퇴근,5000,네이비,아이동반,재판매가,내부공간,브랜드,그랜저,차박이 가능한 SUV 모델을 찾고 있어요.
CUST1126,CS1001,서정남,2025-01-20,홍길동,010-4616-2161,여,1960-10-01,60대,충남,GV70,구매상담,500,장거리 출장,4500,블루,부모님동반,연비,승차감,디자인,스타리아,차선 유지 보조 기능이 포함된 모델을 추천해주세요.
CUST1127,CS1005,김은서,2025-02-09,홍길동,010-1214-4419,여,1965-04-25,50대,전북,GV80,시승,2500,장거리 출장,5000,그레이,아이동반,AS,안전성,디자인,코나,주차가 쉬운 컴팩트한 차량을 원합니다.
CUST1128,CS1008,이미숙,2024-12-11,홍길동,010-9051-2310,여,1976-06-21,40대,전북,아반떼,견적문의,1000,출퇴근,2500,블루,배우자,안전성,정숙성,내부공간,투싼,장거리 운전에 적합한 모델을 추천받고 싶어요.
CUST1129,CS1004,김재호,2024-12-16,홍길동,010-8668-1994,여,1959-11-05,60대,경북,투싼,견적문의,3000,여행,3000,화이트,배우자,디자인,안전성,승차감,XM3,아이와 함께 탈 수 있도록 안전 기능이 중요해요.
CUST1130,CS1001,서정남,2024-12-03,홍길동,010-6913-7814,여,1992-01-05,30대,충남,그랜저,견적문의,1500,장거리 출장,5000,블루,배우자,AS,정숙성,가성비,투싼,운전이 처음이라 주행 보조 기능이 있으면 좋아요.
CUST1131,CS1003,김영일,2025-03-28,홍길동,010-7046-1955,남,1974-10-02,50대,세종,스타리아,시승,1500,레저,4500,실버,부모님동반,정숙성,승차감,디자인,싼타페,카시트 장착이 편리한 차량이면 좋겠습니다.
CUST1132,CS1004,김재호,2024-11-21,홍길동,010-5355-9667,여,1954-09-21,70대,경남,GV70,계약,2000,레저,2500,블랙,아이동반,디자인,안전성,정숙성,쏘렌토,장거리 운전에 적합한 모델을 추천받고 싶어요.
CUST1133,CS1002,김영자,2024-10-31,홍길동,010-1666-2153,남,2004-04-08,20대,광주,캐스퍼,시승,500,레저,3000,실버,배우자,승차감,AS,가성비,쏘렌토,중고차 보상 혜택이 있으면 알려주세요.
CUST1134,CS1008,이미숙,2024-11-08,홍길동,010-5979-2276,여,1963-09-25,60대,대구,코나,구매상담,3000,레저,3500,블랙,아이동반,재판매가,정숙성,디자인,아반떼,운전이 처음이라 주행 보조 기능이 있으면 좋아요.
CUST1135,CS1009,홍예준,2024-12-21,홍길동,010-4537-9511,남,1961-09-14,60대,대전,GV80,견적문의,2500,출퇴근,2500,화이트,혼자,재판매가,브랜드,가성비,티볼리,차량 색상은 흰색이나 회색 계열로 선호합니다.
CUST1136,CS1009,홍예준,2025-02-28,홍길동,010-2591-2658,남,1992-03-26,30대,경남,GV70,견적문의,3000,아이 등하교,4000,블랙,부모님동반,브랜드,안전성,디자인,그랜저,차량 색상은 흰색이나 회색 계열로 선호합니다.
CUST1137,CS1002,김영자,2025-04-01,홍길동,010-4784-9710,여,1987-02-15,30대,전남,스타리아,계약,1000,아이 등하교,4500,블랙,아이동반,AS,재판매가,내부공간,코나,차박이 가능한 SUV 모델을 찾고 있어요.
CUST1138,CS1005,김은서,2025-02-07,홍길동,010-7313-4104,남,1983-04-11,40대,충북,투싼,계약,500,아이 등하교,4000,블랙,배우자,디자인,연비,브랜드,모닝,출퇴근용으로 연비가 좋은 차를 찾고 있어요.
CUST1139,CS1009,홍예준,2024-12-19,홍길동,010-4164-9621,여,1979-02-25,40대,세종,싼타페,견적문의,2500,아이 등하교,3000,네이비,배우자,안전성,정숙성,재판매가,0,통풍시트와 열선시트 꼭 필요해요.
CUST1140,CS1004,김재호,2024-10-27,홍길동,010-5075-3931,여,1975-07-29,40대,서울,그랜저,계약,2500,여행,3000,블랙,친구와함께,AS,연비,정숙성,GV80,반려견과 함께 탈 수 있는 공간이 있는 차량을 원합니다.
CUST1141,CS1007,이민지,2025-01-24,홍길동,010-7802-2728,여,1963-10-23,60대,강원,GV70,시승,500,여행,3000,실버,아이동반,내부공간,AS,연비,모닝,아이와 함께 탈 수 있도록 안전 기능이 중요해요.
CUST1142,CS1000,김수민,2025-03-12,홍길동,010-6864-8515,남,1959-11-20,60대,충남,GV70,견적문의,500,여행,4500,그레이,친구와함께,브랜드,디자인,승차감,투싼,중고차 보상 혜택이 있으면 알려주세요.
CUST1143,CS1006,김지원,2024-10-26,홍길동,010-7997-2705,여,1983-03-12,40대,충북,GV70,견적문의,1000,장거리 출장,4500,레드,부모님동반,정숙성,연비,재판매가,그랜저,중고차 보상 혜택이 있으면 알려주세요.
CUST1144,CS1002,김영자,2024-11-25,홍길동,010-3733-3955,여,1997-04-27,20대,경남,GV70,계약,1000,레저,4500,블랙,아이동반,재판매가,AS,승차감,모닝,반려견과 함께 탈 수 있는 공간이 있는 차량을 원합니다.
CUST1145,CS1009,홍예준,2025-02-18,홍길동,010-7579-9268,여,1998-11-23,20대,충북,GV70,계약,3000,레저,3500,그레이,혼자,AS,재판매가,디자인,티볼리,소음이 적고 승차감이 좋은 차량을 원합니다.
CUST1146,CS1009,홍예준,2024-12-20,홍길동,010-6529-3591,여,1989-05-07,30대,서울,GV80,계약,1500,레저,4500,블랙,혼자,재판매가,안전성,승차감,모닝,최근 전기차에 관심이 많아요.
CUST1147,CS1002,김영자,2024-10-23,홍길동,010-9747-8258,남,1987-12-05,30대,부산,GV80,시승,1000,출퇴근,4000,실버,부모님동반,승차감,내부공간,가성비,티볼리,주차가 쉬운 컴팩트한 차량을 원합니다.
CUST1148,CS1008,이미숙,2025-03-02,홍길동,010-6772-6163,여,1983-05-17,40대,부산,싼타페,구매상담,2500,아이 등하교,5000,그레이,친구와함께,내부공간,AS,승차감,XM3,카시트 장착이 편리한 차량이면 좋겠습니다.
CUST1149,CS1008,이미숙,2024-10-23,홍길동,010-6319-7090,여,1983-06-21,40대,충남,코나,계약,1000,장거리 출장,3500,레드,아이동반,가성비,브랜드,정숙성,캐스퍼,최근 전기차에 관심이 많아요.
CUST1150,CS1007,이민지,2025-02-14,홍길동,010-7755-8054,여,1960-05-04,60대,경남,아반떼,견적문의,1500,출퇴근,4500,블루,친구와함께,내부공간,재판매가,AS,코나,출퇴근용으로 연비가 좋은 차를 찾고 있어요.
CUST1151,CS1004,김재호,2025-03-23,홍길동,010-6299-4943,남,1984-03-17,40대,강원,그랜저,견적문의,2000,아이 등하교,5000,그레이,배우자,가성비,정숙성,브랜드,GV70,최근 전기차에 관심이 많아요.
CUST1152,CS1002,김영자,2025-02-28,홍길동,010-9939-4504,남,1971-02-24,50대,세종,투싼,시승,3000,레저,3000,블루,배우자,연비,디자인,내부공간,K5,장거리 운전에 적합한 모델을 추천받고 싶어요.
CUST1153,CS1007,이민지,2024-12-20,홍길동,010-7145-5162,남,1959-02-04,60대,광주,아이오닉6,구매상담,2000,여행,4000,블루,배우자,브랜드,AS,재판매가,그랜저,반려견과 함께 탈 수 있는 공간이 있는 차량을 원합니다.
CUST1154,CS1001,서정남,2025-03-03,홍길동,010-6898-8412,남,1988-09-25,30대,부산,싼타페,계약,1000,출퇴근,4000,네이비,부모님동반,승차감,브랜드,연비,아이오닉6,중고차 보상 혜택이 있으면 알려주세요.
CUST1155,CS1004,김재호,2024-11-27,홍길동,010-8331-7505,남,1997-06-04,20대,충북,코나,계약,3000,레저,4500,그레이,배우자,정숙성,안전성,브랜드,캐스퍼,중고차 보상 혜택이 있으면 알려주세요.
CUST1156,CS1001,서정남,2025-04-02,홍길동,010-1003-1567,여,2002-06-07,20대,대전,스타리아,견적문의,3000,장거리 출장,2500,블루,아이동반,브랜드,가성비,승차감,모닝,주차가 쉬운 컴팩트한 차량을 원합니다.
CUST1157,CS1006,김지원,2024-11-06,홍길동,010-5660-1267,여,1972-02-26,50대,대구,캐스퍼,시승,1000,장거리 출장,4000,실버,배우자,연비,브랜드,내부공간,스타리아,장거리 운전에 적합한 모델을 추천받고 싶어요.
CUST1158,CS1007,이민지,2024-10-27,홍길동,010-9480-3213,여,1979-01-11,40대,충북,코나,시승,1500,아이 등하교,5000,블랙,혼자,디자인,안전성,브랜드,아반떼,통풍시트와 열선시트 꼭 필요해요.
CUST1159,CS1006,김지원,2024-11-22,홍길동,010-5945-1107,여,1966-06-19,50대,인천,코나,견적문의,2500,장거리 출장,3000,블랙,부모님동반,승차감,안전성,AS,티볼리,출퇴근용으로 연비가 좋은 차를 찾고 있어요.
CUST1160,CS1008,이미숙,2024-12-07,홍길동,010-5920-4635,여,1970-10-08,50대,울산,투싼,시승,2500,여행,4500,블루,아이동반,디자인,재판매가,연비,캐스퍼,통풍시트와 열선시트 꼭 필요해요.
CUST1161,CS1009,홍예준,2024-10-09,홍길동,010-4519-6159,남,1990-04-25,30대,대전,아반떼,계약,500,장거리 출장,5000,레드,부모님동반,디자인,정숙성,안전성,그랜저,운전이 처음이라 주행 보조 기능이 있으면 좋아요.
CUST1162,CS1007,이민지,2025-03-18,홍길동,010-1355-5521,남,1997-08-16,20대,제주,캐스퍼,계약,2500,출퇴근,4500,그레이,아이동반,연비,내부공간,브랜드,아이오닉6,차선 유지 보조 기능이 포함된 모델을 추천해주세요.
CUST1163,CS1003,김영일,2025-02-18,홍길동,010-9376-3534,남,1994-01-18,30대,부산,캐스퍼,견적문의,3000,출퇴근,4500,화이트,혼자,안전성,연비,브랜드,티볼리,중고차 보상 혜택이 있으면 알려주세요.
CUST1164,CS1002,김영자,2025-03-03,홍길동,010-2544-1618,남,1957-01-02,60대,전남,아반떼,계약,2000,여행,4000,화이트,친구와함께,승차감,AS,디자인,아반떼,중고차 보상 혜택이 있으면 알려주세요.
CUST1165,CS1008,이미숙,2025-02-13,홍길동,010-8542-6827,여,1985-09-14,30대,제주,싼타페,구매상담,500,출퇴근,3500,그레이,친구와함께,내부공간,정숙성,재판매가,스타리아,소음이 적고 승차감이 좋은 차량을 원합니다.
CUST1166,CS1003,김영일,2024-10-30,홍길동,010-3557-3267,여,1958-08-25,60대,충남,싼타페,견적문의,1000,출퇴근,2500,네이비,부모님동반,재판매가,연비,가성비,캐스퍼,통풍시트와 열선시트 꼭 필요해요.
CUST1167,CS1001,서정남,2024-10-13,홍길동,010-5341-7014,남,2000-10-02,20대,부산,스타리아,시승,1000,출퇴근,4000,그레이,배우자,정숙성,가성비,연비,코나,최근 전기차에 관심이 많아요.
CUST1168,CS1008,이미숙,2024-12-24,홍길동,010-5093-4817,여,1997-12-29,20대,세종,GV80,견적문의,2500,레저,5000,네이비,아이동반,가성비,브랜드,승차감,스타리아,장거리 운전에 적합한 모델을 추천받고 싶어요.
CUST1169,CS1006,김지원,2024-12-06,홍길동,010-5198-5920,여,1986-05-11,30대,경기,아이오닉6,구매상담,3000,여행,4500,그레이,혼자,AS,내부공간,재판매가,티볼리,주차가 쉬운 컴팩트한 차량을 원합니다.
CUST1170,CS1006,김지원,2024-11-16,홍길동,010-2505-7550,남,1994-07-08,30대,강원,캐스퍼,구매상담,2500,여행,3000,네이비,배우자,브랜드,승차감,안전성,그랜저,반려견과 함께 탈 수 있는 공간이 있는 차량을 원합니다.
CUST1171,CS1008,이미숙,2025-03-16,홍길동,010-4562-2264,여,1970-02-02,50대,전남,GV70,구매상담,2000,장거리 출장,3500,블랙,아이동반,디자인,안전성,AS,싼타페,주차가 쉬운 컴팩트한 차량을 원합니다.
CUST1172,CS1008,이미숙,2024-10-09,홍길동,010-6319-8905,남,1994-02-20,30대,부산,코나,계약,3000,레저,4500,화이트,혼자,가성비,정숙성,재판매가,0,반려견과 함께 탈 수 있는 공간이 있는 차량을 원합니다.
CUST1173,CS1003,김영일,2025-02-06,홍길동,010-3832-8999,여,1966-03-12,50대,강원,아이오닉6,구매상담,1000,출퇴근,5000,네이비,부모님동반,가성비,재판매가,내부공간,스타리아,차박이 가능한 SUV 모델을 찾고 있어요.
CUST1174,CS1008,이미숙,2025-01-23,홍길동,010-2562-5921,여,1976-10-18,40대,강원,캐스퍼,계약,2500,아이 등하교,3500,실버,아이동반,정숙성,안전성,재판매가,투싼,출퇴근용으로 연비가 좋은 차를 찾고 있어요.
CUST1175,CS1007,이민지,2025-02-19,홍길동,010-1612-7251,여,1971-09-23,50대,울산,아반떼,견적문의,2000,출퇴근,4500,네이비,배우자,승차감,연비,브랜드,티볼리,소음이 적고 승차감이 좋은 차량을 원합니다.
CUST1176,CS1004,김재호,2024-12-24,홍길동,010-2285-1916,남,1965-04-30,50대,울산,아반떼,구매상담,2000,레저,3000,그레이,친구와함께,AS,브랜드,안전성,0,아이와 함께 탈 수 있도록 안전 기능이 중요해요.
CUST1177,CS1007,이민지,2025-01-19,홍길동,010-6478-6700,남,1995-08-03,20대,충남,싼타페,구매상담,3000,레저,4000,블랙,친구와함께,연비,정숙성,재판매가,싼타페,운전이 처음이라 주행 보조 기능이 있으면 좋아요.
CUST1178,CS1000,김수민,2024-11-20,홍길동,010-8115-7824,남,1983-05-12,40대,전남,싼타페,구매상담,500,장거리 출장,2500,블랙,친구와함께,안전성,AS,연비,0,최근 전기차에 관심이 많아요.
CUST1179,CS1007,이민지,2024-11-07,홍길동,010-2974-4714,남,1960-06-18,60대,서울,GV70,계약,500,출퇴근,4500,블루,아이동반,정숙성,브랜드,연비,티볼리,차선 유지 보조 기능이 포함된 모델을 추천해주세요.
CUST1180,CS1002,김영자,2025-02-17,홍길동,010-1187-7266,남,1980-08-08,40대,인천,GV70,구매상담,1000,장거리 출장,4500,레드,아이동반,AS,브랜드,내부공간,싼타페,출퇴근용으로 연비가 좋은 차를 찾고 있어요.
CUST1181,CS1005,김은서,2025-03-28,홍길동,010-1886-5993,여,1967-05-18,50대,경북,GV80,구매상담,3000,장거리 출장,3500,블루,혼자,연비,디자인,내부공간,모닝,카시트 장착이 편리한 차량이면 좋겠습니다.
CUST1182,CS1006,김지원,2025-01-28,홍길동,010-9591-1674,여,1989-08-16,30대,부산,아이오닉6,구매상담,500,여행,4000,블루,아이동반,재판매가,디자인,연비,스타리아,통풍시트와 열선시트 꼭 필요해요.
CUST1183,CS1003,김영일,2025-04-05,홍길동,010-6231-9846,여,1980-04-29,40대,경기,아이오닉6,시승,3000,아이 등하교,4500,레드,혼자,승차감,AS,연비,캐스퍼,소음이 적고 승차감이 좋은 차량을 원합니다.
CUST1184,CS1009,홍예준,2025-02-16,홍길동,010-3450-6354,남,1987-09-19,30대,전북,그랜저,견적문의,1000,레저,3000,레드,부모님동반,정숙성,AS,내부공간,코나,통풍시트와 열선시트 꼭 필요해요.
CUST1185,CS1001,서정남,2024-12-06,홍길동,010-9231-4617,여,1989-05-29,30대,부산,그랜저,계약,1000,출퇴근,3500,레드,친구와함께,재판매가,내부공간,AS,아이오닉6,출퇴근용으로 연비가 좋은 차를 찾고 있어요.
CUST1186,CS1004,김재호,2024-10-10,홍길동,010-3509-1827,여,1972-11-26,50대,경남,투싼,견적문의,2500,여행,4000,블랙,친구와함께,내부공간,디자인,브랜드,스타리아,주차가 쉬운 컴팩트한 차량을 원합니다.
CUST1187,CS1001,서정남,2025-03-23,홍길동,010-7436-8300,남,1957-08-22,60대,경기,싼타페,계약,3000,장거리 출장,5000,그레이,아이동반,AS,디자인,정숙성,아이오닉6,차선 유지 보조 기능이 포함된 모델을 추천해주세요.
CUST1188,CS1004,김재호,2025-02-08,홍길동,010-9269-2475,여,1995-08-29,20대,충남,코나,시승,1000,출퇴근,3000,그레이,부모님동반,정숙성,재판매가,내부공간,투싼,운전이 처음이라 주행 보조 기능이 있으면 좋아요.
CUST1189,CS1000,김수민,2024-12-02,홍길동,010-4638-8076,남,1998-04-24,20대,충남,GV70,시승,2500,레저,3500,네이비,부모님동반,연비,브랜드,내부공간,모닝,주차가 쉬운 컴팩트한 차량을 원합니다.
CUST1190,CS1001,서정남,2024-12-02,홍길동,010-5747-7460,남,2003-05-06,20대,제주,싼타페,계약,1000,장거리 출장,3500,실버,아이동반,안전성,승차감,디자인,아반떼,장거리 운전에 적합한 모델을 추천받고 싶어요.
CUST1191,CS1006,김지원,2024-10-11,홍길동,010-3425-3165,여,1974-09-09,50대,전남,코나,계약,500,아이 등하교,3500,블랙,부모님동반,재판매가,가성비,안전성,투싼,차선 유지 보조 기능이 포함된 모델을 추천해주세요.
CUST1192,CS1002,김영자,2025-03-10,홍길동,010-6507-2352,여,1976-10-21,40대,서울,캐스퍼,견적문의,2500,여행,3500,그레이,아이동반,내부공간,승차감,브랜드,K5,차량 색상은 흰색이나 회색 계열로 선호합니다.
CUST1193,CS1009,홍예준,2025-03-26,홍길동,010-8796-1807,남,1967-11-22,50대,경남,아반떼,구매상담,2000,아이 등하교,3500,블루,부모님동반,재판매가,가성비,AS,모닝,주차가 쉬운 컴팩트한 차량을 원합니다.
CUST1194,CS1004,김재호,2025-02-04,홍길동,010-9980-7540,여,1965-01-15,50대,충남,그랜저,구매상담,2500,레저,3000,블루,친구와함께,연비,안전성,가성비,XM3,통풍시트와 열선시트 꼭 필요해요.
CUST1195,CS1004,김재호,2025-02-23,홍길동,010-5301-2393,남,1975-07-02,40대,전남,스타리아,구매상담,3000,아이 등하교,3000,실버,배우자,내부공간,재판매가,디자인,XM3,장거리 운전에 적합한 모델을 추천받고 싶어요.
CUST1196,CS1009,홍예준,2025-01-01,홍길동,010-7529-9221,여,1967-01-31,50대,전북,GV70,계약,2500,출퇴근,3500,블루,친구와함께,재판매가,디자인,정숙성,스타리아,주차가 쉬운 컴팩트한 차량을 원합니다.
CUST1197,CS1005,김은서,2025-02-24,홍길동,010-8118-3136,남,1990-08-25,30대,부산,GV80,계약,1500,여행,2500,화이트,혼자,브랜드,가성비,정숙성,XM3,하이브리드 모델도 비교해보고 싶어요.
CUST1198,CS1005,김은서,2025-02-16,홍길동,010-3209-8879,여,1982-10-05,40대,경북,GV80,구매상담,1500,출퇴근,4000,화이트,아이동반,내부공간,디자인,정숙성,코나,소음이 적고 승차감이 좋은 차량을 원합니다.
CUST1199,CS1005,김은서,2025-01-31,홍길동,010-4245-8993,여,1991-07-25,30대,충북,스타리아,구매상담,2500,여행,3500,그레이,혼자,안전성,재판매가,AS,싼타페,차박이 가능한 SUV 모델을 찾고 있어요.
CUST1200,CS1004,김재호,2024-10-22,홍길동,010-7476-4212,남,1957-09-01,60대,인천,아이오닉6,견적문의,3000,출퇴근,5000,네이비,배우자,가성비,정숙성,승차감,아반떼,카시트 장착이 편리한 차량이면 좋겠습니다.
CUST1201,CS1005,김은서,2024-12-26,홍길동,010-9589-5034,여,1996-07-29,20대,경북,투싼,계약,3000,장거리 출장,3000,블루,부모님동반,내부공간,연비,가성비,XM3,카시트 장착이 편리한 차량이면 좋겠습니다.
CUST1202,CS1009,홍예준,2024-12-18,홍길동,010-4970-2173,여,1982-07-28,40대,전북,아이오닉6,구매상담,1000,아이 등하교,5000,네이비,혼자,재판매가,디자인,승차감,쏘렌토,운전이 처음이라 주행 보조 기능이 있으면 좋아요.
CUST1203,CS1005,김은서,2025-01-06,홍길동,010-5362-8046,남,2002-03-17,20대,경북,그랜저,견적문의,3000,여행,4500,블루,아이동반,재판매가,내부공간,정숙성,투싼,중고차 보상 혜택이 있으면 알려주세요.
CUST1204,CS1005,김은서,2024-11-22,홍길동,010-6298-2467,여,1988-08-30,30대,경북,GV80,구매상담,3000,아이 등하교,4500,레드,혼자,승차감,AS,디자인,스타리아,차선 유지 보조 기능이 포함된 모델을 추천해주세요.
CUST1205,CS1004,김재호,2024-12-22,홍길동,010-2843-7776,남,1975-10-08,40대,대전,아반떼,구매상담,2500,여행,4000,레드,배우자,재판매가,내부공간,정숙성,아반떼,장거리 운전에 적합한 모델을 추천받고 싶어요.
CUST1206,CS1007,이민지,2025-03-14,홍길동,010-7939-6984,남,1978-12-26,40대,대전,스타리아,견적문의,1000,장거리 출장,3500,네이비,부모님동반,재판매가,연비,AS,아이오닉6,최근 전기차에 관심이 많아요.
CUST1207,CS1007,이민지,2025-02-21,홍길동,010-6706-4120,남,1997-05-19,20대,울산,캐스퍼,계약,2000,여행,4000,블루,부모님동반,안전성,승차감,디자인,아이오닉6,최근 전기차에 관심이 많아요.
CUST1208,CS1003,김영일,2024-12-23,홍길동,010-6254-6644,여,2003-01-14,20대,부산,코나,구매상담,2500,아이 등하교,3000,네이비,부모님동반,재판매가,안전성,디자인,투싼,카시트 장착이 편리한 차량이면 좋겠습니다.
CUST1209,CS1004,김재호,2025-01-10,홍길동,010-1396-5994,여,1988-11-07,30대,부산,스타리아,구매상담,2000,출퇴근,5000,네이비,배우자,브랜드,연비,안전성,GV70,소음이 적고 승차감이 좋은 차량을 원합니다.
CUST1210,CS1005,김은서,2024-12-06,홍길동,010-3773-6729,남,1985-01-28,30대,경북,그랜저,구매상담,1000,레저,5000,실버,친구와함께,내부공간,승차감,정숙성,캐스퍼,반려견과 함께 탈 수 있는 공간이 있는 차량을 원합니다.
CUST1211,CS1003,김영일,2024-12-04,홍길동,010-8245-3389,남,1988-07-20,30대,충남,GV70,견적문의,2500,레저,3000,실버,아이동반,브랜드,재판매가,디자인,코나,차량 색상은 흰색이나 회색 계열로 선호합니다.
CUST1212,CS1006,김지원,2024-11-29,홍길동,010-8216-1735,남,1999-11-15,20대,경기,싼타페,구매상담,1000,장거리 출장,5000,실버,배우자,내부공간,안전성,승차감,GV70,통풍시트와 열선시트 꼭 필요해요.
CUST1213,CS1006,김지원,2025-03-16,홍길동,010-4825-4271,여,2000-03-25,20대,경북,그랜저,시승,2000,레저,5000,실버,아이동반,안전성,재판매가,AS,아이오닉6,아이와 함께 탈 수 있도록 안전 기능이 중요해요.
CUST1214,CS1001,서정남,2025-03-07,홍길동,010-7124-3555,여,1969-08-11,50대,충남,그랜저,계약,1000,여행,3000,그레이,아이동반,AS,브랜드,재판매가,코나,운전이 처음이라 주행 보조 기능이 있으면 좋아요.
CUST1215,CS1009,홍예준,2024-11-10,홍길동,010-2405-2841,여,1963-02-10,60대,충북,아이오닉6,시승,500,여행,2500,화이트,배우자,안전성,재판매가,연비,티볼리,주차가 쉬운 컴팩트한 차량을 원합니다.
CUST1216,CS1003,김영일,2024-12-06,홍길동,010-1893-4982,남,2002-06-02,20대,강원,싼타페,견적문의,500,아이 등하교,3500,화이트,아이동반,승차감,연비,내부공간,GV80,차량 색상은 흰색이나 회색 계열로 선호합니다.
CUST1217,CS1003,김영일,2025-03-25,홍길동,010-3419-5713,여,1992-06-17,30대,대구,그랜저,시승,1000,여행,2500,블랙,친구와함께,가성비,정숙성,안전성,아이오닉6,출퇴근용으로 연비가 좋은 차를 찾고 있어요.
CUST1218,CS1000,김수민,2025-04-01,홍길동,010-1225-6624,여,1955-12-11,60대,인천,캐스퍼,구매상담,2000,출퇴근,3000,그레이,혼자,디자인,재판매가,AS,쏘렌토,소음이 적고 승차감이 좋은 차량을 원합니다.
CUST1219,CS1004,김재호,2025-03-04,홍길동,010-2823-5999,남,1998-04-05,20대,전북,싼타페,구매상담,500,레저,4500,화이트,친구와함께,승차감,안전성,AS,캐스퍼,최근 전기차에 관심이 많아요.
CUST1220,CS1002,김영자,2024-10-15,홍길동,010-8373-8719,여,1984-12-16,40대,경북,투싼,시승,500,장거리 출장,2500,레드,부모님동반,AS,내부공간,재판매가,코나,장거리 운전에 적합한 모델을 추천받고 싶어요.
CUST1221,CS1003,김영일,2025-01-10,홍길동,010-1372-6437,여,1999-03-23,20대,대구,투싼,견적문의,3000,출퇴근,5000,실버,배우자,정숙성,재판매가,가성비,모닝,소음이 적고 승차감이 좋은 차량을 원합니다.
CUST1222,CS1004,김재호,2025-01-18,홍길동,010-4424-9814,남,1962-08-25,60대,세종,스타리아,계약,500,장거리 출장,4000,블루,친구와함께,디자인,정숙성,연비,쏘렌토,차박이 가능한 SUV 모델을 찾고 있어요.
CUST1223,CS1005,김은서,2025-02-27,홍길동,010-4471-4339,남,1996-03-28,20대,전북,GV80,계약,1500,레저,5000,블랙,부모님동반,디자인,연비,재판매가,아이오닉6,아이와 함께 탈 수 있도록 안전 기능이 중요해요.
CUST1224,CS1004,김재호,2025-01-02,홍길동,010-9952-9573,남,1976-10-10,40대,부산,아이오닉6,계약,2500,아이 등하교,5000,블루,친구와함께,내부공간,재판매가,정숙성,싼타페,장거리 운전에 적합한 모델을 추천받고 싶어요.
CUST1225,CS1008,이미숙,2024-12-03,홍길동,010-5237-9991,남,1975-07-29,40대,경기,그랜저,견적문의,500,레저,3000,네이비,배우자,정숙성,AS,내부공간,싼타페,운전이 처음이라 주행 보조 기능이 있으면 좋아요.
CUST1226,CS1004,김재호,2025-01-06,홍길동,010-8913-3315,여,1973-05-10,50대,세종,아이오닉6,구매상담,500,여행,2500,그레이,친구와함께,재판매가,연비,브랜드,아반떼,중고차 보상 혜택이 있으면 알려주세요.
CUST1227,CS1001,서정남,2025-03-18,홍길동,010-1301-7170,남,1991-03-31,30대,광주,아이오닉6,구매상담,2000,아이 등하교,4500,레드,아이동반,승차감,AS,재판매가,GV70,최근 전기차에 관심이 많아요.
CUST1228,CS1001,서정남,2025-01-10,홍길동,010-9631-1712,남,1992-10-19,30대,충북,캐스퍼,견적문의,2500,출퇴근,3500,블루,친구와함께,디자인,안전성,정숙성,쏘렌토,중고차 보상 혜택이 있으면 알려주세요.
CUST1229,CS1000,김수민,2024-11-14,홍길동,010-5185-3790,여,2002-02-24,20대,대전,아반떼,구매상담,1500,출퇴근,4500,블루,혼자,가성비,정숙성,연비,그랜저,중고차 보상 혜택이 있으면 알려주세요.
CUST1230,CS1000,김수민,2024-11-22,홍길동,010-1984-5653,남,1954-09-16,70대,부산,스타리아,견적문의,2000,장거리 출장,3000,네이비,혼자,정숙성,내부공간,가성비,K5,카시트 장착이 편리한 차량이면 좋겠습니다.
CUST1231,CS1003,김영일,2025-02-10,홍길동,010-4288-5444,여,1998-04-22,20대,충북,코나,시승,2500,아이 등하교,2500,레드,혼자,승차감,가성비,연비,모닝,카시트 장착이 편리한 차량이면 좋겠습니다.
CUST1232,CS1001,서정남,2024-11-24,홍길동,010-1869-8617,여,1968-12-31,50대,강원,코나,견적문의,500,레저,4000,화이트,아이동반,가성비,브랜드,정숙성,스타리아,하이브리드 모델도 비교해보고 싶어요.
CUST1233,CS1007,이민지,2025-01-12,홍길동,010-1136-2091,여,1963-04-05,60대,경남,투싼,구매상담,1000,출퇴근,4000,화이트,배우자,정숙성,AS,연비,K5,차선 유지 보조 기능이 포함된 모델을 추천해주세요.
CUST1234,CS1000,김수민,2025-01-30,홍길동,010-7367-5445,여,1987-01-29,30대,강원,그랜저,구매상담,2500,장거리 출장,4000,그레이,혼자,승차감,브랜드,디자인,그랜저,최근 전기차에 관심이 많아요.
CUST1235,CS1003,김영일,2024-12-25,홍길동,010-6901-2767,여,2004-09-17,20대,충남,스타리아,시승,2500,출퇴근,4500,블랙,부모님동반,디자인,연비,내부공간,코나,중고차 보상 혜택이 있으면 알려주세요.
CUST1236,CS1003,김영일,2025-03-07,홍길동,010-1312-5792,여,1982-01-30,40대,경기,아반떼,계약,3000,아이 등하교,3500,그레이,아이동반,가성비,디자인,재판매가,코나,차량 색상은 흰색이나 회색 계열로 선호합니다.
CUST1237,CS1009,홍예준,2024-12-21,홍길동,010-7332-4787,남,1987-03-07,30대,광주,그랜저,구매상담,2000,여행,3500,그레이,혼자,정숙성,AS,가성비,XM3,통풍시트와 열선시트 꼭 필요해요.
CUST1238,CS1004,김재호,2024-11-18,홍길동,010-7237-9331,여,1996-01-17,20대,경기,그랜저,시승,1000,아이 등하교,5000,블루,친구와함께,연비,가성비,AS,코나,아이와 함께 탈 수 있도록 안전 기능이 중요해요.
CUST1239,CS1001,서정남,2025-04-02,홍길동,010-2631-6168,남,2003-07-25,20대,충남,캐스퍼,시승,3000,아이 등하교,3500,네이비,배우자,연비,내부공간,안전성,스타리아,중고차 보상 혜택이 있으면 알려주세요.
CUST1240,CS1001,서정남,2025-01-08,홍길동,010-8940-9709,여,2001-10-16,20대,인천,싼타페,시승,500,출퇴근,3000,블랙,배우자,내부공간,AS,디자인,GV70,소음이 적고 승차감이 좋은 차량을 원합니다.
CUST1241,CS1001,서정남,2024-12-21,홍길동,010-2442-4054,남,1991-08-30,30대,대구,투싼,계약,1000,출퇴근,3500,화이트,혼자,안전성,연비,승차감,티볼리,차박이 가능한 SUV 모델을 찾고 있어요.
CUST1242,CS1006,김지원,2025-01-01,홍길동,010-4258-9202,여,1959-03-10,60대,서울,캐스퍼,계약,1000,아이 등하교,3000,블랙,아이동반,브랜드,안전성,승차감,그랜저,반려견과 함께 탈 수 있는 공간이 있는 차량을 원합니다.
CUST1243,CS1009,홍예준,2025-01-22,홍길동,010-8503-1352,남,1971-10-22,50대,강원,스타리아,계약,2500,여행,2500,화이트,아이동반,내부공간,승차감,재판매가,캐스퍼,출퇴근용으로 연비가 좋은 차를 찾고 있어요.
CUST1244,CS1008,이미숙,2024-12-24,홍길동,010-1651-5053,남,1981-05-29,40대,서울,캐스퍼,견적문의,2000,레저,4000,실버,친구와함께,정숙성,AS,내부공간,GV70,반려견과 함께 탈 수 있는 공간이 있는 차량을 원합니다.
CUST1245,CS1002,김영자,2025-03-30,홍길동,010-9673-5995,남,1996-05-10,20대,충북,GV80,구매상담,500,아이 등하교,2500,네이비,부모님동반,정숙성,AS,가성비,아반떼,반려견과 함께 탈 수 있는 공간이 있는 차량을 원합니다.
CUST1246,CS1001,서정남,2024-10-13,홍길동,010-6465-9027,남,1989-01-16,30대,세종,코나,시승,1000,레저,4000,실버,배우자,승차감,가성비,AS,쏘렌토,차박이 가능한 SUV 모델을 찾고 있어요.
CUST1247,CS1009,홍예준,2024-12-11,홍길동,010-7445-3572,남,1955-01-24,60대,충남,GV80,구매상담,2500,장거리 출장,4000,레드,아이동반,승차감,안전성,연비,싼타페,차박이 가능한 SUV 모델을 찾고 있어요.
CUST1248,CS1000,김수민,2024-11-26,홍길동,010-1301-6681,남,2001-12-11,20대,세종,아이오닉6,계약,500,아이 등하교,4500,블랙,배우자,AS,승차감,재판매가,그랜저,카시트 장착이 편리한 차량이면 좋겠습니다.
CUST1249,CS1000,김수민,2025-03-10,홍길동,010-6765-6822,남,1982-12-11,40대,광주,그랜저,견적문의,500,아이 등하교,5000,블루,부모님동반,재판매가,디자인,AS,GV80,주차가 쉬운 컴팩트한 차량을 원합니다.
CUST1250,CS1005,김은서,2024-10-24,홍길동,010-5953-4869,남,1978-10-28,40대,대전,캐스퍼,계약,3000,아이 등하교,3000,블루,친구와함께,재판매가,AS,가성비,아반떼,차선 유지 보조 기능이 포함된 모델을 추천해주세요.
CUST1251,CS1006,김지원,2025-01-24,홍길동,010-9212-5519,여,1980-03-11,40대,강원,싼타페,구매상담,3000,출퇴근,5000,레드,부모님동반,재판매가,연비,승차감,K5,최근 전기차에 관심이 많아요.
CUST1252,CS1009,홍예준,2024-11-18,홍길동,010-2015-5221,남,2005-02-26,10대,인천,스타리아,구매상담,1500,출퇴근,3000,실버,아이동반,승차감,디자인,AS,XM3,중고차 보상 혜택이 있으면 알려주세요.
CUST1253,CS1000,김수민,2024-12-21,홍길동,010-7343-1482,여,1961-05-02,60대,울산,투싼,시승,1500,아이 등하교,2500,블루,혼자,연비,내부공간,안전성,티볼리,중고차 보상 혜택이 있으면 알려주세요.
CUST1254,CS1002,김영자,2024-10-29,홍길동,010-5590-4695,여,1972-10-18,50대,경남,캐스퍼,견적문의,2500,여행,2500,네이비,부모님동반,재판매가,가성비,승차감,XM3,차박이 가능한 SUV 모델을 찾고 있어요.
CUST1255,CS1001,서정남,2024-12-04,홍길동,010-3485-6599,남,1971-12-10,50대,강원,아이오닉6,견적문의,1500,출퇴근,2500,실버,배우자,내부공간,승차감,디자인,싼타페,카시트 장착이 편리한 차량이면 좋겠습니다.
CUST1256,CS1005,김은서,2024-10-06,홍길동,010-7436-3248,여,1954-10-02,70대,서울,캐스퍼,구매상담,2500,여행,3000,화이트,혼자,AS,가성비,정숙성,티볼리,장거리 운전에 적합한 모델을 추천받고 싶어요.
CUST1257,CS1008,이미숙,2024-11-20,홍길동,010-2438-7262,여,1966-09-03,50대,강원,코나,구매상담,500,출퇴근,4000,레드,친구와함께,안전성,승차감,연비,쏘렌토,차선 유지 보조 기능이 포함된 모델을 추천해주세요.
CUST1258,CS1000,김수민,2024-10-08,홍길동,010-9531-4726,여,1970-02-07,50대,대구,코나,계약,1000,출퇴근,2500,블랙,배우자,브랜드,디자인,안전성,투싼,운전이 처음이라 주행 보조 기능이 있으면 좋아요.
CUST1259,CS1004,김재호,2024-12-16,홍길동,010-7837-4938,여,1991-03-24,30대,경남,스타리아,견적문의,500,레저,4000,블랙,아이동반,내부공간,AS,승차감,XM3,장거리 운전에 적합한 모델을 추천받고 싶어요.
CUST1260,CS1000,김수민,2024-11-21,홍길동,010-3502-7987,여,2000-08-19,20대,경북,스타리아,견적문의,1000,아이 등하교,4500,화이트,배우자,디자인,재판매가,AS,티볼리,하이브리드 모델도 비교해보고 싶어요.
CUST1261,CS1009,홍예준,2024-12-02,홍길동,010-6118-6395,남,1973-01-18,50대,부산,캐스퍼,계약,2500,여행,4500,블랙,부모님동반,브랜드,디자인,내부공간,그랜저,아이와 함께 탈 수 있도록 안전 기능이 중요해요.
CUST1262,CS1008,이미숙,2024-10-22,홍길동,010-8359-9883,남,1987-06-17,30대,인천,스타리아,구매상담,1000,장거리 출장,3000,블랙,혼자,내부공간,디자인,재판매가,캐스퍼,통풍시트와 열선시트 꼭 필요해요.
CUST1263,CS1002,김영자,2024-12-17,홍길동,010-3158-4387,여,2001-09-10,20대,충북,그랜저,시승,2000,레저,4000,레드,아이동반,브랜드,정숙성,안전성,아이오닉6,반려견과 함께 탈 수 있는 공간이 있는 차량을 원합니다.
CUST1264,CS1009,홍예준,2024-11-04,홍길동,010-3270-9869,여,1955-07-15,60대,인천,캐스퍼,구매상담,1000,레저,4500,레드,혼자,디자인,재판매가,브랜드,쏘렌토,최근 전기차에 관심이 많아요.
CUST1265,CS1006,김지원,2024-12-06,홍길동,010-4314-3262,여,1956-05-22,60대,전북,스타리아,계약,500,장거리 출장,3500,그레이,배우자,재판매가,내부공간,연비,모닝,장거리 운전에 적합한 모델을 추천받고 싶어요.
CUST1266,CS1005,김은서,2025-02-03,홍길동,010-6062-9582,남,1998-11-19,20대,부산,스타리아,견적문의,1500,출퇴근,3500,네이비,아이동반,브랜드,재판매가,안전성,투싼,차박이 가능한 SUV 모델을 찾고 있어요.
CUST1267,CS1003,김영일,2024-10-16,홍길동,010-3215-8046,남,1960-11-13,60대,강원,스타리아,견적문의,1500,여행,4500,블루,혼자,가성비,안전성,재판매가,티볼리,주차가 쉬운 컴팩트한 차량을 원합니다.
CUST1268,CS1007,이민지,2025-02-03,홍길동,010-3378-3589,여,1965-08-12,50대,부산,GV70,구매상담,500,아이 등하교,5000,레드,부모님동반,승차감,정숙성,연비,아반떼,소음이 적고 승차감이 좋은 차량을 원합니다.
CUST1269,CS1003,김영일,2025-03-29,홍길동,010-6201-2111,남,1991-05-23,30대,부산,투싼,시승,2000,출퇴근,3500,블루,배우자,브랜드,AS,안전성,모닝,주차가 쉬운 컴팩트한 차량을 원합니다.
CUST1270,CS1001,서정남,2024-10-05,홍길동,010-9732-2939,남,1969-05-12,50대,세종,아반떼,계약,2500,여행,3000,네이비,부모님동반,재판매가,정숙성,AS,쏘렌토,차박이 가능한 SUV 모델을 찾고 있어요.
CUST1271,CS1002,김영자,2025-01-21,홍길동,010-4016-6203,여,1972-04-17,50대,대구,코나,시승,2000,출퇴근,3000,네이비,친구와함께,가성비,재판매가,정숙성,캐스퍼,차선 유지 보조 기능이 포함된 모델을 추천해주세요.
CUST1272,CS1004,김재호,2024-12-07,홍길동,010-3384-1483,여,1980-03-23,40대,제주,아이오닉6,시승,2000,장거리 출장,5000,블랙,친구와함께,연비,가성비,브랜드,GV80,하이브리드 모델도 비교해보고 싶어요.
CUST1273,CS1004,김재호,2025-04-03,홍길동,010-6221-7783,여,1975-12-28,40대,전북,아반떼,계약,1500,장거리 출장,4000,실버,친구와함께,재판매가,내부공간,디자인,아이오닉6,중고차 보상 혜택이 있으면 알려주세요.
CUST1274,CS1008,이미숙,2024-12-27,홍길동,010-7737-5970,여,1991-07-25,30대,강원,코나,시승,2000,출퇴근,3500,실버,아이동반,브랜드,재판매가,정숙성,캐스퍼,통풍시트와 열선시트 꼭 필요해요.
CUST1275,CS1002,김영자,2025-01-23,홍길동,010-8258-5485,남,2000-11-09,20대,부산,GV80,계약,3000,아이 등하교,5000,블랙,혼자,안전성,브랜드,정숙성,티볼리,차박이 가능한 SUV 모델을 찾고 있어요.
CUST1276,CS1006,김지원,2025-03-09,홍길동,010-3489-4079,여,1961-11-28,60대,부산,GV80,구매상담,1500,장거리 출장,5000,레드,부모님동반,AS,정숙성,브랜드,아반떼,반려견과 함께 탈 수 있는 공간이 있는 차량을 원합니다.
CUST1277,CS1008,이미숙,2024-12-10,홍길동,010-2749-3155,남,1968-09-05,50대,강원,그랜저,계약,1000,아이 등하교,5000,네이비,친구와함께,승차감,AS,디자인,스타리아,반려견과 함께 탈 수 있는 공간이 있는 차량을 원합니다.
CUST1278,CS1005,김은서,2025-02-11,홍길동,010-4026-1429,남,2001-08-29,20대,강원,캐스퍼,견적문의,1500,아이 등하교,4500,실버,부모님동반,디자인,안전성,연비,싼타페,통풍시트와 열선시트 꼭 필요해요.
CUST1279,CS1007,이민지,2024-12-19,홍길동,010-5372-4783,남,1966-12-12,50대,제주,그랜저,계약,2500,아이 등하교,4000,화이트,배우자,승차감,가성비,AS,티볼리,소음이 적고 승차감이 좋은 차량을 원합니다.
CUST1280,CS1009,홍예준,2024-12-08,홍길동,010-4804-4783,여,1973-01-12,50대,광주,아반떼,구매상담,500,여행,3500,블루,배우자,AS,연비,정숙성,XM3,하이브리드 모델도 비교해보고 싶어요.
CUST1281,CS1004,김재호,2025-01-20,홍길동,010-1427-6886,남,2000-05-25,20대,대전,GV80,구매상담,2000,출퇴근,3000,레드,부모님동반,내부공간,재판매가,정숙성,0,아이와 함께 탈 수 있도록 안전 기능이 중요해요.
CUST1282,CS1006,김지원,2025-02-14,홍길동,010-2302-8808,남,1975-11-13,40대,부산,GV70,구매상담,3000,아이 등하교,2500,실버,친구와함께,가성비,연비,정숙성,스타리아,아이와 함께 탈 수 있도록 안전 기능이 중요해요.
CUST1283,CS1003,김영일,2025-02-23,홍길동,010-3196-9230,여,1961-07-11,60대,강원,싼타페,시승,2000,레저,4500,실버,배우자,디자인,연비,브랜드,GV80,주차가 쉬운 컴팩트한 차량을 원합니다.
CUST1284,CS1007,이민지,2024-11-19,홍길동,010-8680-7126,여,1966-10-12,50대,전남,싼타페,견적문의,2000,아이 등하교,3000,블랙,부모님동반,연비,가성비,정숙성,코나,중고차 보상 혜택이 있으면 알려주세요.
CUST1285,CS1003,김영일,2025-02-26,홍길동,010-4014-7348,남,1985-05-25,30대,제주,싼타페,시승,1500,출퇴근,4000,블루,아이동반,정숙성,연비,재판매가,투싼,출퇴근용으로 연비가 좋은 차를 찾고 있어요.
CUST1286,CS1000,김수민,2025-01-24,홍길동,010-9051-8763,남,1970-12-25,50대,인천,캐스퍼,계약,2000,출퇴근,4500,실버,부모님동반,승차감,가성비,연비,GV80,중고차 보상 혜택이 있으면 알려주세요.
CUST1287,CS1006,김지원,2024-11-29,홍길동,010-3253-3683,남,1960-05-31,60대,제주,코나,구매상담,2000,출퇴근,4500,블루,친구와함께,디자인,브랜드,재판매가,투싼,중고차 보상 혜택이 있으면 알려주세요.
CUST1288,CS1007,이민지,2025-02-20,홍길동,010-4166-4707,남,2002-04-27,20대,울산,코나,구매상담,1500,여행,3500,블랙,혼자,정숙성,안전성,가성비,0,차박이 가능한 SUV 모델을 찾고 있어요.
CUST1289,CS1005,김은서,2024-11-07,홍길동,010-1528-7694,남,1975-04-29,40대,서울,아이오닉6,시승,500,레저,5000,그레이,배우자,디자인,정숙성,재판매가,투싼,최근 전기차에 관심이 많아요.
CUST1290,CS1004,김재호,2025-03-10,홍길동,010-1245-5421,남,1959-08-31,60대,경북,코나,견적문의,2000,출퇴근,2500,네이비,배우자,연비,브랜드,AS,K5,운전이 처음이라 주행 보조 기능이 있으면 좋아요.
CUST1291,CS1006,김지원,2025-03-19,홍길동,010-7767-4646,남,1966-05-23,50대,인천,아이오닉6,시승,1000,장거리 출장,3500,실버,부모님동반,재판매가,브랜드,디자인,쏘렌토,최근 전기차에 관심이 많아요.
CUST1292,CS1005,김은서,2025-01-01,홍길동,010-4323-4351,남,1983-05-05,40대,인천,캐스퍼,계약,2000,아이 등하교,4000,블루,부모님동반,내부공간,승차감,디자인,코나,반려견과 함께 탈 수 있는 공간이 있는 차량을 원합니다.
CUST1293,CS1000,김수민,2025-02-04,홍길동,010-2083-3901,남,1990-01-05,30대,인천,캐스퍼,계약,2500,여행,3000,레드,부모님동반,AS,연비,승차감,0,차박이 가능한 SUV 모델을 찾고 있어요.
CUST1294,CS1007,이민지,2024-11-11,홍길동,010-8197-9027,남,1978-01-20,40대,전남,스타리아,시승,500,아이 등하교,5000,실버,혼자,정숙성,가성비,AS,투싼,통풍시트와 열선시트 꼭 필요해요.
CUST1295,CS1006,김지원,2024-12-08,홍길동,010-6323-8496,남,1986-07-20,30대,경남,아반떼,계약,1000,레저,4500,화이트,혼자,승차감,정숙성,안전성,0,최근 전기차에 관심이 많아요.
CUST1296,CS1002,김영자,2024-12-09,홍길동,010-5043-8005,남,1955-07-15,60대,경남,아반떼,구매상담,1500,아이 등하교,2500,레드,배우자,정숙성,내부공간,재판매가,스타리아,하이브리드 모델도 비교해보고 싶어요.
CUST1297,CS1001,서정남,2025-03-17,홍길동,010-7633-1685,여,1962-03-19,60대,경북,GV80,계약,500,여행,4000,실버,혼자,안전성,연비,디자인,모닝,장거리 운전에 적합한 모델을 추천받고 싶어요.
CUST1298,CS1006,김지원,2024-12-02,홍길동,010-7232-6126,남,1988-09-10,30대,서울,그랜저,견적문의,2500,레저,3000,블루,부모님동반,AS,재판매가,연비,스타리아,차선 유지 보조 기능이 포함된 모델을 추천해주세요.
CUST1299,CS1007,이민지,2025-03-23,홍길동,010-7457-9784,여,1980-08-20,40대,경남,아반떼,계약,500,출퇴근,5000,블랙,혼자,AS,재판매가,브랜드,쏘렌토,소음이 적고 승차감이 좋은 차량을 원합니다.
CUST1300,CS1001,서정남,2024-10-09,홍길동,010-9605-1630,남,1975-12-24,40대,대전,스타리아,구매상담,3000,여행,2500,실버,친구와함께,가성비,재판매가,디자인,모닝,중고차 보상 혜택이 있으면 알려주세요.
CUST1301,CS1003,김영일,2024-11-26,홍길동,010-9530-2791,여,1977-04-24,40대,울산,아반떼,시승,2000,출퇴근,5000,네이비,친구와함께,디자인,안전성,정숙성,코나,운전이 처음이라 주행 보조 기능이 있으면 좋아요.
CUST1302,CS1007,이민지,2025-03-16,홍길동,010-8399-8485,남,1985-12-13,30대,제주,아이오닉6,계약,2500,여행,4500,네이비,배우자,재판매가,승차감,정숙성,투싼,반려견과 함께 탈 수 있는 공간이 있는 차량을 원합니다.
CUST1303,CS1006,김지원,2025-03-21,홍길동,010-1694-5025,여,1956-04-27,60대,제주,캐스퍼,계약,2500,장거리 출장,3500,그레이,아이동반,브랜드,안전성,승차감,코나,카시트 장착이 편리한 차량이면 좋겠습니다.
CUST1304,CS1006,김지원,2025-01-30,홍길동,010-9498-9812,여,1974-10-27,50대,충북,GV70,구매상담,1000,장거리 출장,4500,블루,아이동반,AS,승차감,정숙성,K5,장거리 운전에 적합한 모델을 추천받고 싶어요.
CUST1305,CS1001,서정남,2024-12-28,홍길동,010-7481-1643,여,1994-07-23,30대,경남,GV80,계약,3000,레저,3500,네이비,부모님동반,연비,정숙성,디자인,아이오닉6,통풍시트와 열선시트 꼭 필요해요.
CUST1306,CS1006,김지원,2025-01-08,홍길동,010-7347-9456,남,1985-01-31,30대,부산,아이오닉6,구매상담,1500,장거리 출장,3500,블루,아이동반,승차감,연비,브랜드,캐스퍼,주차가 쉬운 컴팩트한 차량을 원합니다.
CUST1307,CS1008,이미숙,2025-02-21,홍길동,010-1807-4110,남,1974-04-12,50대,충남,스타리아,시승,2500,레저,3000,블루,친구와함께,내부공간,가성비,브랜드,그랜저,주차가 쉬운 컴팩트한 차량을 원합니다.
CUST1308,CS1006,김지원,2024-12-13,홍길동,010-5770-8201,여,1981-11-21,40대,전남,아반떼,시승,500,아이 등하교,3000,레드,부모님동반,가성비,AS,재판매가,캐스퍼,소음이 적고 승차감이 좋은 차량을 원합니다.
CUST1309,CS1004,김재호,2024-11-30,홍길동,010-7521-5989,여,1999-01-12,20대,대전,그랜저,구매상담,1000,레저,2500,그레이,혼자,내부공간,브랜드,정숙성,코나,차량 색상은 흰색이나 회색 계열로 선호합니다.
CUST1310,CS1002,김영자,2025-01-01,홍길동,010-5684-8558,여,1993-08-03,30대,서울,아반떼,계약,3000,장거리 출장,2500,블랙,아이동반,재판매가,연비,브랜드,0,주차가 쉬운 컴팩트한 차량을 원합니다.
CUST1311,CS1009,홍예준,2024-10-26,홍길동,010-3727-7921,여,1989-11-16,30대,대구,아반떼,구매상담,1000,레저,2500,네이비,친구와함께,승차감,내부공간,정숙성,싼타페,운전이 처음이라 주행 보조 기능이 있으면 좋아요.
CUST1312,CS1005,김은서,2025-01-04,홍길동,010-5823-1893,남,1956-08-31,60대,울산,아반떼,견적문의,1500,아이 등하교,3000,네이비,친구와함께,정숙성,안전성,연비,투싼,출퇴근용으로 연비가 좋은 차를 찾고 있어요.
CUST1313,CS1005,김은서,2024-11-29,홍길동,010-9470-3330,여,1972-12-27,50대,세종,GV80,구매상담,500,아이 등하교,4000,네이비,혼자,내부공간,브랜드,정숙성,아이오닉6,차박이 가능한 SUV 모델을 찾고 있어요.
CUST1314,CS1008,이미숙,2024-11-24,홍길동,010-8595-8400,여,1994-10-15,30대,제주,GV70,계약,2000,출퇴근,3500,블루,배우자,AS,정숙성,디자인,투싼,최근 전기차에 관심이 많아요.
CUST1315,CS1002,김영자,2024-11-06,홍길동,010-2481-9202,남,1986-09-01,30대,대구,투싼,구매상담,3000,여행,2500,블랙,친구와함께,내부공간,디자인,승차감,아이오닉6,운전이 처음이라 주행 보조 기능이 있으면 좋아요.
CUST1316,CS1007,이민지,2025-01-16,홍길동,010-2854-3945,여,1997-08-21,20대,부산,그랜저,시승,500,장거리 출장,3500,레드,혼자,재판매가,가성비,브랜드,티볼리,운전이 처음이라 주행 보조 기능이 있으면 좋아요.
CUST1317,CS1006,김지원,2024-12-19,홍길동,010-9952-3216,여,1991-07-11,30대,전북,캐스퍼,견적문의,500,여행,5000,화이트,친구와함께,연비,디자인,재판매가,싼타페,운전이 처음이라 주행 보조 기능이 있으면 좋아요.
CUST1318,CS1005,김은서,2024-10-25,홍길동,010-7440-7775,남,1960-07-08,60대,강원,코나,시승,1500,여행,4000,그레이,혼자,안전성,승차감,가성비,코나,아이와 함께 탈 수 있도록 안전 기능이 중요해요.
CUST1319,CS1006,김지원,2025-02-19,홍길동,010-6299-8387,여,1971-07-02,50대,광주,코나,견적문의,500,레저,4500,블랙,혼자,연비,재판매가,내부공간,싼타페,출퇴근용으로 연비가 좋은 차를 찾고 있어요.
CUST1320,CS1004,김재호,2025-03-03,홍길동,010-1408-3930,남,1958-05-07,60대,충남,투싼,계약,3000,레저,3000,블랙,배우자,가성비,브랜드,재판매가,투싼,주차가 쉬운 컴팩트한 차량을 원합니다.
CUST1321,CS1002,김영자,2025-01-08,홍길동,010-8433-4308,남,1959-03-23,60대,경북,GV70,시승,1500,출퇴근,3500,화이트,배우자,재판매가,안전성,AS,쏘렌토,통풍시트와 열선시트 꼭 필요해요.
CUST1322,CS1002,김영자,2025-02-06,홍길동,010-8449-2477,남,1989-05-01,30대,인천,코나,시승,1000,아이 등하교,4000,그레이,아이동반,재판매가,브랜드,승차감,쏘렌토,아이와 함께 탈 수 있도록 안전 기능이 중요해요.
CUST1323,CS1005,김은서,2024-10-28,홍길동,010-5097-6309,여,1977-05-27,40대,대전,아이오닉6,견적문의,1000,장거리 출장,5000,블루,부모님동반,브랜드,AS,승차감,K5,아이와 함께 탈 수 있도록 안전 기능이 중요해요.
CUST1324,CS1007,이민지,2024-12-18,홍길동,010-3686-3024,여,1963-10-14,60대,경북,아반떼,견적문의,2000,레저,2500,블랙,친구와함께,디자인,브랜드,승차감,캐스퍼,아이와 함께 탈 수 있도록 안전 기능이 중요해요.
CUST1325,CS1004,김재호,2025-01-17,홍길동,010-2494-2870,남,2003-04-29,20대,대구,아이오닉6,시승,2500,레저,4000,네이비,친구와함께,가성비,연비,브랜드,0,하이브리드 모델도 비교해보고 싶어요.
CUST1326,CS1002,김영자,2025-03-22,홍길동,010-8362-6946,여,1986-04-30,30대,전북,투싼,견적문의,1000,여행,4500,레드,혼자,내부공간,AS,연비,스타리아,하이브리드 모델도 비교해보고 싶어요.
CUST1327,CS1009,홍예준,2024-10-25,홍길동,010-2397-9582,남,1976-04-28,40대,제주,싼타페,계약,1000,장거리 출장,4500,레드,배우자,안전성,AS,연비,스타리아,장거리 운전에 적합한 모델을 추천받고 싶어요.
CUST1328,CS1007,이민지,2025-01-28,홍길동,010-7292-9383,남,1965-06-28,50대,대구,코나,견적문의,1000,출퇴근,5000,블랙,친구와함께,AS,내부공간,안전성,XM3,카시트 장착이 편리한 차량이면 좋겠습니다.
CUST1329,CS1000,김수민,2024-10-06,홍길동,010-3619-7204,남,1997-10-19,20대,충북,그랜저,견적문의,3000,아이 등하교,4500,레드,친구와함께,승차감,내부공간,정숙성,쏘렌토,차량 색상은 흰색이나 회색 계열로 선호합니다.
CUST1330,CS1009,홍예준,2024-10-22,홍길동,010-7235-1719,남,1990-05-05,30대,제주,코나,계약,1000,레저,4000,실버,아이동반,안전성,재판매가,연비,코나,차량 색상은 흰색이나 회색 계열로 선호합니다.
CUST1331,CS1007,이민지,2025-02-03,홍길동,010-3799-6491,남,1965-02-17,50대,세종,그랜저,견적문의,1000,장거리 출장,3000,블랙,아이동반,재판매가,디자인,가성비,티볼리,차선 유지 보조 기능이 포함된 모델을 추천해주세요.
CUST1332,CS1005,김은서,2025-03-26,홍길동,010-3459-3656,남,1989-04-20,30대,경남,스타리아,계약,1000,레저,3000,블루,부모님동반,연비,가성비,재판매가,코나,통풍시트와 열선시트 꼭 필요해요.
CUST1333,CS1009,홍예준,2025-02-27,홍길동,010-3369-3930,남,1967-11-13,50대,광주,GV70,시승,2500,장거리 출장,2500,블랙,아이동반,승차감,정숙성,내부공간,아이오닉6,카시트 장착이 편리한 차량이면 좋겠습니다.
CUST1334,CS1004,김재호,2024-12-16,홍길동,010-1840-7874,남,1958-04-27,60대,울산,스타리아,계약,2000,장거리 출장,3000,네이비,부모님동반,재판매가,승차감,정숙성,GV70,차선 유지 보조 기능이 포함된 모델을 추천해주세요.
CUST1335,CS1002,김영자,2025-03-07,홍길동,010-6047-6071,여,1987-07-21,30대,경북,GV80,시승,1000,여행,4000,블랙,혼자,연비,가성비,내부공간,코나,아이와 함께 탈 수 있도록 안전 기능이 중요해요.
CUST1336,CS1009,홍예준,2024-12-07,홍길동,010-8311-5731,남,1986-04-16,30대,대전,스타리아,시승,2500,레저,2500,화이트,부모님동반,승차감,정숙성,연비,티볼리,아이와 함께 탈 수 있도록 안전 기능이 중요해요.
CUST1337,CS1008,이미숙,2025-02-24,홍길동,010-3960-2926,여,1999-10-15,20대,충남,아이오닉6,계약,1000,여행,4000,실버,친구와함께,재판매가,디자인,내부공간,코나,최근 전기차에 관심이 많아요.
CUST1338,CS1004,김재호,2025-02-18,홍길동,010-3155-4323,여,1974-06-11,50대,세종,그랜저,견적문의,2500,레저,4000,실버,배우자,연비,재판매가,디자인,아이오닉6,반려견과 함께 탈 수 있는 공간이 있는 차량을 원합니다.
CUST1339,CS1006,김지원,2025-01-12,홍길동,010-1057-5146,남,1957-01-15,60대,충북,캐스퍼,견적문의,500,장거리 출장,4000,블루,친구와함께,브랜드,재판매가,내부공간,쏘렌토,주차가 쉬운 컴팩트한 차량을 원합니다.
CUST1340,CS1009,홍예준,2025-02-08,홍길동,010-1200-8514,여,1973-02-13,50대,전북,투싼,계약,2500,레저,4000,블랙,아이동반,정숙성,재판매가,안전성,GV70,아이와 함께 탈 수 있도록 안전 기능이 중요해요.
CUST1341,CS1004,김재호,2025-02-19,홍길동,010-9153-9169,여,1959-09-19,60대,전북,싼타페,시승,3000,장거리 출장,4000,네이비,배우자,디자인,가성비,내부공간,K5,차박이 가능한 SUV 모델을 찾고 있어요.
CUST1342,CS1008,이미숙,2025-01-14,홍길동,010-9904-1094,남,2004-06-17,20대,대전,캐스퍼,시승,500,장거리 출장,4000,레드,부모님동반,디자인,재판매가,브랜드,스타리아,하이브리드 모델도 비교해보고 싶어요.
CUST1343,CS1005,김은서,2025-01-13,홍길동,010-9084-4897,남,1984-07-23,40대,부산,캐스퍼,계약,2500,레저,3500,블루,친구와함께,연비,승차감,안전성,XM3,하이브리드 모델도 비교해보고 싶어요.
CUST1344,CS1000,김수민,2024-12-12,홍길동,010-4553-8794,남,1965-03-27,50대,제주,코나,구매상담,500,레저,4500,레드,배우자,재판매가,승차감,연비,쏘렌토,통풍시트와 열선시트 꼭 필요해요.
CUST1345,CS1003,김영일,2025-02-11,홍길동,010-8434-7719,남,1962-07-12,60대,대전,그랜저,견적문의,2000,아이 등하교,5000,그레이,부모님동반,재판매가,가성비,연비,싼타페,최근 전기차에 관심이 많아요.
CUST1346,CS1001,서정남,2024-10-05,홍길동,010-8239-2300,여,2003-11-03,20대,충남,아반떼,견적문의,1000,레저,3000,그레이,부모님동반,재판매가,연비,브랜드,아반떼,출퇴근용으로 연비가 좋은 차를 찾고 있어요.
CUST1347,CS1006,김지원,2024-12-13,홍길동,010-1107-5009,남,1955-10-18,60대,대구,GV70,견적문의,1500,출퇴근,4500,실버,친구와함께,재판매가,브랜드,안전성,모닝,출퇴근용으로 연비가 좋은 차를 찾고 있어요.

